SID,corr,p
sid841,0.853377111893532,3.89376793759152E-45
sid531,0.845495800262857,3.12023132147337E-37
sid1211,0.838472327061814,2.09539803666815E-09
sid396,0.81239553108098,4.3358173032258E-47
sid292,0.791247512999325,1.69806804649351E-20
sid1156,0.777769194139968,6.30553721008544E-37
sid1236,0.765939933114137,2.78744130498296E-44
sid192,0.756830687608953,2.63259475790565E-37
sid1836,0.756722744624638,2.41359654186818E-31
sid1397,0.756709683144131,5.7036463030043E-31
sid805,0.751385363953835,3.81273178351571E-28
sid894,0.74986065513108,1.91250875012119E-25
sid139,0.734042315826137,2.69684376441233E-25
sid1007,0.73309060320694,2.12818825056122E-27
sid1489,0.727685159953899,7.66365756452109E-26
sid802,0.724881032201699,1.14782101582677E-28
sid549,0.714212432073822,2.91110201108997E-26
sid1453,0.7112185474941,1.59428738903746E-35
sid1875,0.704780650487201,1.09830791156926E-26
sid979,0.699469606127012,6.94324825283737E-27
sid1395,0.689813498955209,5.45049593314037E-32
sid498,0.68793834143429,4.51692734066892E-22
sid1593,0.67259373283108,4.46898899185235E-23
sid199,0.671662309684067,8.84455201111242E-19
sid1039,0.642362110893525,1.41284306293881E-20
sid1252,0.636098654268883,6.13781519083608E-23
sid1223,0.634822600882627,4.33224439508939E-14
sid905,0.632456385358169,5.54951225808105E-15
sid416,0.626564401424917,1.67945424157312E-18
sid554,0.619305638357182,5.33934722017764E-18
sid1158,0.599103907756741,3.65479754449927E-21
sid1018,0.59854692758031,1.12247357931616E-14
sid1342,0.596365031620707,1.86086597376573E-20
sid1665,0.595937280067076,3.55519930854755E-13
sid1133,0.593047973995714,1.97116763819815E-21
sid1699,0.589943366993554,1.51725169302619E-13
sid186,0.58933745061454,1.96793315358133E-16
sid1624,0.58842516396193,4.95328393324545E-14
sid443,0.580844039152047,2.31753837104953E-14
sid1652,0.578931257380879,1.74900438558622E-18
sid1497,0.57685419891683,3.82035774088858E-14
sid241,0.575645003278334,1.85006650220992E-20
sid1219,0.575617171430174,3.70895843415771E-18
sid1514,0.574455444277929,3.9006263920574E-16
sid1870,0.57170459936283,5.96392889136527E-09
sid713,0.564928745000049,2.19366687170738E-11
sid1074,0.560923016774299,3.85072263538394E-14
sid1148,0.559248759443881,7.0647075435964E-15
sid535,0.5592209067766,5.86104270468702E-15
sid1087,0.558929394434778,1.0600321103819E-13
sid1893,0.558706454569966,6.28010259218947E-15
sid1510,0.558501181925186,3.36912866460748E-10
sid1116,0.549552402782656,8.44028946575185E-15
sid916,0.544672425277621,3.11465902569519E-17
sid1313,0.544051453000554,2.40847567121814E-17
sid814,0.543912520098927,7.94637199873355E-11
sid1827,0.543088147106815,1.16194846695108E-15
sid1221,0.540871525888549,1.10278985956903E-14
sid67,0.538740893495391,4.0275072312648E-13
sid862,0.537851935155991,3.05870449773354E-16
sid953,0.534850822157163,9.65741683508415E-14
sid646,0.530459849827178,8.97340364585386E-13
sid613,0.527527366833472,7.35464312254863E-15
sid1355,0.526869656078574,1.87668296957042E-07
sid59,0.525139966816232,7.28195188284193E-12
sid1065,0.525128424221936,3.22138648133844E-14
sid565,0.521139198501718,1.60638928611354E-12
sid563,0.521080306640306,1.90069816227438E-12
sid477,0.519256324072762,4.6757421282834E-10
sid286,0.516946357502115,7.95869435851471E-14
sid541,0.516926876226352,1.17618436010256E-12
sid1048,0.516064682874665,1.08772090330005E-10
sid628,0.515926113716644,1.93522413355579E-11
sid1406,0.515520378522688,2.22239361557957E-12
sid1698,0.509270917609205,4.53828451761342E-13
sid1292,0.504094137987376,1.25324152122014E-11
sid1450,0.499434356831747,5.32532975229535E-13
sid1415,0.49591842174984,1.68056374020304E-12
sid1079,0.49328630573236,4.16696658537051E-13
sid1050,0.4901352322566,1.15541429041195E-08
sid525,0.489117235905906,9.99030854537519E-10
sid92,0.488383119962067,0.002164014765087
sid657,0.488252978540098,2.02423467579743E-10
sid1577,0.487493366196272,1.89696723727892E-10
sid516,0.487197292560836,1.16803160264195E-12
sid39,0.485752561893313,4.78376496357952E-12
sid881,0.478509356216366,9.13766249012599E-11
sid1772,0.47580857862571,8.78758936874166E-08
sid316,0.472753820418953,2.68204368305045E-11
sid513,0.471317265587174,4.74122447000989E-09
sid1499,0.469498777657149,5.67290568930896E-12
sid1185,0.468873873217014,4.17402643025796E-12
sid684,0.468197850063291,3.09695929472943E-12
sid122,0.46773309513267,7.4445181180983E-10
sid1674,0.463544205547316,6.70908071486141E-10
sid1063,0.462897732509216,6.19286672512562E-08
sid868,0.459369270731013,5.43377483683494E-12
sid942,0.455507699377125,5.98974986174562E-09
sid138,0.454565224354521,2.50856383086126E-09
sid100,0.454183331835905,0.000635265549447
sid449,0.451467082804581,7.2461893718672E-10
sid148,0.450594728629737,1.02358710905932E-08
sid533,0.44429157381966,2.01966817932299E-09
sid577,0.442904192777025,4.58528533625721E-11
sid994,0.435783647447998,5.07469067006055E-10
sid1792,0.433869472597378,0.000112537972352
sid21,0.431774771084012,6.83061294845845E-10
sid1602,0.426736297104521,1.70390492477238E-09
sid1409,0.423015811438473,1.50984414655782E-08
sid1142,0.422793065684673,1.10877571198165E-09
sid1796,0.422095233767071,2.4046104913336E-09
sid911,0.42206132856549,3.78792956203809E-07
sid615,0.419138161212279,6.29502636694558E-08
sid1031,0.417377380270584,9.51749451964109E-07
sid214,0.415943747195462,2.05666508244277E-08
sid228,0.414481153640059,1.79791099945965E-07
sid731,0.412492323539143,2.2777842370567E-08
sid850,0.412299409453515,3.40003720934198E-08
sid264,0.410301670534433,5.26541250444038E-07
sid5,0.409489415079979,3.90936133484028E-08
sid460,0.409190498365409,1.65699912525225E-07
sid459,0.408980317042762,9.54463994821034E-08
sid1865,0.40741204272537,3.19583422905386E-08
sid1378,0.406219437544868,4.98144634817383E-10
sid1614,0.40596848722696,8.57346294728318E-07
sid686,0.403360567356362,1.12149618881124E-06
sid848,0.401381467777166,2.14473472064812E-08
sid87,0.400716002281501,6.71614567130603E-08
sid872,0.398972610450566,1.07126431712561E-09
sid1528,0.398909948518964,5.4437578989988E-08
sid1677,0.396574332104474,5.12158794361474E-06
sid584,0.395179528256282,7.95911825688468E-07
sid436,0.394949100486182,1.52386291310266E-07
sid385,0.394080533203577,1.02386114211495E-06
sid1323,0.391585887603795,1.26989968387948E-08
sid1372,0.391006858809873,0.149553273253072
sid273,0.389359209319642,0.000251586202887
sid1144,0.388983713052261,1.48347320941439E-08
sid50,0.388111365794753,2.66245473971186E-08
sid210,0.387951000706959,1.45438568924412E-07
sid1739,0.386121024764345,1.42427801640197E-07
sid879,0.385996724533921,8.02685106099343E-08
sid1053,0.38542551774291,4.24973043193582E-06
sid1046,0.38349284478641,9.14177234094201E-07
sid855,0.383061973262629,2.97812743282523E-07
sid402,0.37747526502824,5.34743836511322E-07
sid729,0.377324846728375,6.98314562250036E-06
sid1815,0.374208426405946,5.67891549053509E-06
sid1924,0.373944136958512,4.91381386478336E-08
sid561,0.37363503766126,1.43594039942871E-06
sid1919,0.37347159958492,0.000129603281126
sid923,0.370726451325625,6.47419235468304E-07
sid76,0.370112592861915,3.47414168692157E-08
sid1365,0.366864742431477,3.25440087934097E-07
sid33,0.363177494046416,1.73538620636323E-05
sid821,0.362967358426773,6.86528322360823E-07
sid1779,0.36117891346344,8.33930113378777E-08
sid1477,0.361034731134917,0.000133236358015
sid55,0.36063836412756,1.55576232902634E-07
sid164,0.359742514816761,4.26475457148187E-07
sid393,0.356510358744618,2.60144336234566E-06
sid404,0.35595014720382,3.11419265230928E-06
sid189,0.355049079979111,2.01685568227572E-07
sid1970,0.353444128808816,6.2265626780776E-08
sid481,0.353351481234748,1.05677802205312E-05
sid1607,0.353309584169015,1.09344863693067E-07
sid1022,0.350031819550117,0.000154799032232
sid1764,0.348955006530556,2.73306567437676E-05
sid205,0.346482637683463,1.96266739838951E-05
sid340,0.345669261638851,1.57622142529339E-05
sid1493,0.344894551285224,1.99379246117209E-07
sid1264,0.344720740164069,6.17972218732771E-06
sid776,0.344399605027423,6.32648223508813E-07
sid1867,0.344216066493392,0.006154003042468
sid301,0.343568771098992,5.20819171268974E-07
sid127,0.3430040939338,1.35418468390129E-06
sid212,0.342252507973067,4.31876248399028E-06
sid165,0.341721446331238,3.36648005623986E-05
sid331,0.340066491671173,4.20580189154555E-05
sid337,0.338468276238097,0.00010597472424
sid1122,0.336749164809655,0.135520445308721
sid1198,0.336135424513543,2.40442528977074E-06
sid1160,0.329585491548375,0.000342517610414
sid1228,0.329020847041603,5.01581729364858E-05
sid590,0.327609131239361,2.4607663512902E-06
sid1199,0.326363634554376,1.40296871493524E-05
sid412,0.321295339760785,5.75793864863619E-05
sid616,0.319929112367172,2.61179381845856E-06
sid146,0.318409892751592,0.062297041534517
sid363,0.315292646494211,3.91878364109823E-05
sid1153,0.314798337086527,6.6242667358183E-05
sid1797,0.311937018900197,4.04729112974167E-06
sid603,0.311235152556016,5.85367151728583E-05
sid1959,0.310613732578708,0.00012866778117
sid163,0.310145907082754,0.000172509051549
sid1913,0.310108876408357,0.000112499798712
sid843,0.30963748504121,0.000135450519461
sid1890,0.309495009354874,1.71949208629912E-05
sid1418,0.308495714140123,2.51670664743386E-05
sid1188,0.307224758642555,0.000138313027813
sid1754,0.306689684403953,4.74782081527085E-05
sid1872,0.306657007604249,3.86296384983382E-05
sid764,0.303391613407838,0.004282373065355
sid1697,0.303309814325668,2.1008696441868E-05
sid1559,0.30224727726921,0.000366860574579
sid844,0.30101764472735,8.57853299399381E-06
sid1321,0.298964533690001,0.000116983882349
sid583,0.296860539596012,0.007495723747029
sid668,0.295900630998939,0.000571525538261
sid1056,0.295486663381153,1.54283813477411E-05
sid1621,0.29520688129373,0.016113101567957
sid1683,0.294616327514398,5.15665508445535E-05
sid297,0.293129714425517,0.000194746639728
sid1138,0.292700625558396,5.2753366129429E-05
sid1600,0.292678755200642,0.003284313805675
sid723,0.291996843170822,4.35514942603899E-05
sid534,0.291777752271834,0.000190205513253
sid1784,0.290883842200601,3.37164304083646E-05
sid1161,0.289913482031204,0.000562426632844
sid553,0.289543325770038,6.40176532448584E-05
sid1597,0.287317102604991,2.8227503176844E-05
sid893,0.286638686000249,0.000238119796351
sid351,0.286327780411333,2.40853813671476E-05
sid1445,0.286283865749864,4.33657806568339E-05
sid1829,0.285877392264945,0.005472170890622
sid1972,0.285627300846757,0.000453478148667
sid1475,0.282914600679826,0.000193749544432
sid1295,0.281575556704543,5.85334184310465E-05
sid1627,0.280635024960678,0.000285041428039
sid1549,0.279140568134726,3.91036812502113E-05
sid725,0.276257900658029,5.36512365459651E-05
sid971,0.275579108472553,0.004066187859705
sid489,0.274072830175932,0.000263414694944
sid1460,0.273968893576581,0.00135897650909
sid602,0.273597200984252,0.001216488552906
sid1516,0.272970212821974,0.000236954749724
sid420,0.272693376213912,0.000411400840846
sid1076,0.270846634717152,0.001068633917741
sid1631,0.269679765754218,0.000205468837993
sid1686,0.269316938209447,2.54229746370791E-05
sid1346,0.26892117781412,0.000441269832145
sid1530,0.268871544446884,0.000206632810045
sid336,0.266874917952753,0.000329752032795
sid819,0.266024364769376,0.000388228507294
sid335,0.265816671804917,0.001137560787712
sid1944,0.264694382058936,0.000232618359258
sid1218,0.263701251288589,0.002739152969335
sid606,0.263112879292452,0.000690458831745
sid1755,0.262039273314901,0.002058187631192
sid1498,0.261959856519946,0.02967705121537
sid1130,0.261549918377365,0.000421065725545
sid133,0.261434542028231,9.74240427543807E-05
sid574,0.261433997655343,0.002279185727934
sid798,0.259854793402055,0.000210154917742
sid866,0.258569669009943,0.00066273645103
sid1104,0.258081279426236,0.000208671846222
sid1210,0.257681952713567,0.000966670908799
sid377,0.2570666518627,0.000890861744514
sid289,0.255497796116477,0.002887118472744
sid886,0.255353067765515,0.002008946736522
sid470,0.253623055879083,0.00186888022849
sid48,0.253614075199417,0.000635913110202
sid424,0.252562181071877,0.013044009873573
sid1330,0.252195481685283,0.000815911612408
sid1782,0.251881040894245,0.005720320055247
sid1945,0.249802960009244,0.000605391042452
sid1914,0.249256352768807,0.005833158501424
sid1385,0.247074218267122,0.000271235437402
sid622,0.24565871745217,0.001201105960369
sid1201,0.244815237074994,0.001209172958767
sid31,0.243228686104534,0.001815910765969
sid254,0.241610364959775,0.001362731694486
sid1317,0.240630484777288,0.14004447626053
sid493,0.240214011832854,0.001766918989577
sid409,0.240008273832185,0.003641056765796
sid1850,0.235545736925969,0.002889168844032
sid156,0.234282621597072,0.018367577511065
sid1709,0.233520867787974,0.000523988218869
sid1272,0.233499659470186,0.001019048428208
sid40,0.23320561397181,0.000973904223356
sid1676,0.232029641098174,0.008939750229423
sid251,0.231017108819312,0.005179423334046
sid6,0.230717895959131,0.146698668966067
sid1807,0.229699590472923,0.002584955433639
sid940,0.228144115096874,0.001124398867659
sid1338,0.228083503208209,0.061387448727664
sid83,0.227631164028491,0.024937566795122
sid845,0.227529880930087,0.006094910230734
sid1821,0.226986171171239,0.011928829123673
sid429,0.225685310762472,0.00461451113061
sid1200,0.225642322333327,0.004002268143322
sid54,0.225300578621343,0.001068199133466
sid1318,0.224792913492391,0.157649145568305
sid1840,0.223706689848907,0.00109877106318
sid1070,0.222826503438666,0.003302692947986
sid591,0.222760226467412,0.006502614382527
sid1316,0.221697631815095,0.005411975554538
sid116,0.221183323899409,0.010512393709659
sid1851,0.220703466226357,0.006288806354807
sid1442,0.218677346682258,0.003951870484964
sid1268,0.218018709564601,0.019792721024106
sid1481,0.217919854668801,0.013847108014838
sid1329,0.217846707999849,0.074325361372873
sid537,0.217328399480503,0.0113418599016
sid1020,0.2173139779837,0.006784191581702
sid912,0.216756645512181,0.011564518989331
sid467,0.216457413088766,0.004013081753581
sid1098,0.216450470462974,0.00967442068284
sid674,0.216187313567206,0.012444282605612
sid178,0.215955711729584,0.004678170051174
sid1334,0.214455056941526,0.086259990354467
sid1364,0.214276959307082,0.004077455204631
sid514,0.214261387817194,0.004892360692435
sid78,0.213470217103166,0.185969252085152
sid496,0.210617381182954,0.014577985886632
sid1146,0.20943894694281,0.010362459428632
sid1950,0.208602685299489,0.184925612622918
sid1438,0.208267438156698,0.009308793687161
sid857,0.207621508828566,0.004683901902264
sid77,0.205521854432886,0.005920944755983
sid1642,0.205407098198954,0.004261062563533
sid225,0.204699906086665,0.018550515497525
sid236,0.203419497495698,0.010119161757304
sid1209,0.200674408649723,0.007070901832645
sid1743,0.199861336651777,0.014202238979357
sid374,0.199133447709103,0.007363601733755
sid1873,0.196674610436315,0.013257675159522
sid458,0.196617940277575,0.017774280422501
sid1157,0.195529842831852,0.004960097755465
sid266,0.19477561231556,0.269653930571549
sid1703,0.194404096291632,0.00704222351456
sid81,0.193821174533545,0.016016176161913
sid190,0.193241149130795,0.022162754721441
sid506,0.19207798748608,0.016650611102502
sid1750,0.191448610640705,0.026694603128439
sid1635,0.191153913606143,0.012524072015172
sid1441,0.191144918020335,0.015799039050063
sid1929,0.190468535848972,0.024709489020423
sid1471,0.189480521072606,0.014186910270095
sid1343,0.188988140402253,0.119892424011491
sid983,0.188232699045962,0.0243637472677
sid1558,0.187335948244159,0.020406835238877
sid679,0.187088693136337,0.006292957087476
sid1685,0.187028137609242,0.029239076369494
sid184,0.186099213184318,0.023536070316059
sid1918,0.185891868433808,0.014337995019123
sid558,0.184970935456606,0.056472108363446
sid967,0.184848078866193,0.022617726378517
sid1088,0.184802610712261,0.02768557813498
sid162,0.184393854281783,0.012220278735559
sid263,0.183287630948028,0.026799144741658
sid1282,0.182803413371899,0.018766367739971
sid502,0.182671087024464,0.133011531175322
sid375,0.182511408428368,0.079944023515505
sid1213,0.181613530198501,0.04904191600707
sid187,0.181288435450137,0.054649765084989
sid1986,0.181072730162323,0.020714640610066
sid1960,0.18081764490205,0.012777932913072
sid1294,0.180698331066294,0.008205782570636
sid238,0.179902730807252,0.026567952469837
sid152,0.179690843249984,0.148822380031795
sid379,0.177858740822985,0.021474083048881
sid1147,0.177324187523259,0.010972891348816
sid366,0.17690082909714,0.145918839348757
sid1639,0.175592745877339,0.020472761072676
sid1245,0.17518292579701,0.021919296984607
sid1506,0.174594716618069,0.02979470373072
sid1419,0.173429904157463,0.043468260684835
sid478,0.172971387941555,0.023673639546781
sid360,0.172455655262326,0.059629781969782
sid943,0.171795849419213,0.0497553728861
sid1324,0.171675434558379,0.0332616767228
sid1275,0.170424645164765,0.01583316145902
sid938,0.169871841508343,0.046382872276185
sid1794,0.169330906357046,0.038311511216634
sid1808,0.167974597847727,0.02903595063418
sid1172,0.167868220815377,0.030629538119608
sid777,0.167739800026085,0.029754237978921
sid1017,0.166978658379014,0.018710304744166
sid951,0.166735951727127,0.026117666238631
sid1402,0.16473982828417,0.021032918179203
sid878,0.164211497039213,0.050844772105798
sid208,0.163756644534823,0.017281399525643
sid1090,0.163393171772601,0.052874244374838
sid1680,0.163169279340581,0.032460356050226
sid1482,0.162785872884959,0.102108183572864
sid182,0.162273551361571,0.051990683773429
sid773,0.161010240268065,0.113234349989431
sid1816,0.160464988315889,0.037152215431505
sid1300,0.1593352827116,0.082160678321285
sid1765,0.159219066741486,0.191292561260237
sid832,0.157331966960062,0.074967730287376
sid925,0.157265104906602,0.051433332403417
sid1023,0.156493034131508,0.0421691625746
sid560,0.155071552463359,0.063470171268077
sid1043,0.15472382461028,0.076491330382448
sid1723,0.154237074428879,0.055342843553474
sid1646,0.15414271400297,0.034682853026483
sid542,0.154098979599335,0.036233936773466
sid1013,0.153569242315038,0.028705605806565
sid1868,0.152601735410325,0.031850038575484
sid1641,0.152104924919293,0.069752636669024
sid1656,0.151800914407691,0.057712662888697
sid627,0.151789127683211,0.048160322880396
sid1716,0.151616070040399,0.03780037273478
sid1535,0.150834428241108,0.063612285795076
sid569,0.15028957147975,0.067328733468377
sid949,0.148658921441279,0.038573594249745
sid598,0.147848806915536,0.074927316680518
sid874,0.147530264201788,0.057090681708567
sid1637,0.147471830818339,0.038638673711892
sid425,0.145773052231926,0.092835619124347
sid378,0.144948635661684,0.065718305339579
sid902,0.144763579890735,0.095144552680034
sid842,0.144205566915081,0.092720821057373
sid1618,0.143672544195874,0.055021374447478
sid1032,0.143358276375582,0.043917542796513
sid1260,0.143256430181071,0.052379662635557
sid1464,0.142999559804245,0.186394261891961
sid1803,0.142659747199284,0.074689711383316
sid492,0.142038143935603,0.150347003197597
sid462,0.141004786966095,0.070839288781058
sid1377,0.140988730944108,0.068319210251356
sid1725,0.140165648317445,0.0761607693291
sid1298,0.13958583305869,0.069455210096202
sid400,0.139197701572938,0.079177527305346
sid3,0.139114294409281,0.073853370985424
sid1126,0.138704135626147,0.067161399602581
sid1021,0.138680429441084,0.255779782968056
sid931,0.138547042623366,0.118845960729707
sid623,0.136633538087592,0.076499175030699
sid17,0.136558416175248,0.117031849740804
sid150,0.136073974644911,0.122664212080887
sid398,0.135261174210609,0.126425364484954
sid1647,0.134914117840966,0.093110971678338
sid272,0.134748784425708,0.101328368945678
sid578,0.134739631816484,0.091428760930171
sid1633,0.134601325673991,0.153344551145444
sid334,0.133633825462334,0.082331113041339
sid673,0.1335599915036,0.060673200764434
sid540,0.133510979644826,0.090312814087772
sid482,0.133473116272131,0.095611062490443
sid1659,0.132785634753138,0.070800401023995
sid1261,0.13271579656377,0.276993675415941
sid1892,0.132249716708919,0.080173114656823
sid1713,0.132035827274621,0.106076074052942
sid747,0.131547276182459,0.11475160940787
sid1662,0.131395347086653,0.106618179011371
sid1042,0.131086160770832,0.118630820505672
sid820,0.130016867716544,0.05414715516707
sid1915,0.129970198608256,0.098208854778357
sid434,0.129329136164679,0.107595718471837
sid204,0.129236286572636,0.141243178827731
sid1350,0.128730475734563,0.10363983620425
sid1923,0.127165685204434,0.112490262561564
sid295,0.126140987331225,0.110834386365071
sid1648,0.12564955051657,0.078521188310785
sid981,0.125577358348879,0.132316816234808
sid504,0.125347327125014,0.196151365128113
sid642,0.125158753352496,0.073763005316827
sid35,0.125090452713037,0.088906534239957
sid74,0.12466311160558,0.085745858168837
sid52,0.124573781366528,0.089371578753574
sid648,0.123858214166946,0.146312602254892
sid1555,0.123616482704038,0.122963117439614
sid658,0.123467530613977,0.216336173042396
sid1512,0.123357101913154,0.158783873242564
sid1925,0.122932164302311,0.12629455037214
sid1180,0.12191875647422,0.107993629357619
sid283,0.121291889713958,0.124165654356905
sid1019,0.120260301349149,0.102984566071186
sid871,0.119875395387735,0.127461280948514
sid1103,0.119777427129359,0.119757852674849
sid970,0.119761492028795,0.090374990788331
sid391,0.118585751126339,0.139079892663571
sid1486,0.117519723028809,0.095777053128
sid421,0.11727411682021,0.142246472151607
sid1001,0.116676662707952,0.153663407308462
sid944,0.116417169619722,0.129431674763251
sid1942,0.11629144444395,0.163636337716076
sid1780,0.115893083049122,0.120275203063144
sid1247,0.115755819838133,0.114650357332963
sid691,0.115670715280677,0.224559852576043
sid1456,0.115467845927913,0.138495418080761
sid473,0.114703352222747,0.168015843585081
sid9,0.114242452786426,0.159688331737999
sid562,0.113698092454679,0.143463046241439
sid756,0.11293433264567,0.229478120738583
sid240,0.112047778646062,0.158351317818715
sid1928,0.111936839925117,0.135748088961731
sid698,0.111668443746592,0.147121374178364
sid919,0.1103253044672,0.118038104631272
sid1398,0.109640769507049,0.314934498287717
sid383,0.109423491672456,0.122972204881495
sid1610,0.109348741390581,0.143951771868849
sid1117,0.109227034179653,0.173276135095008
sid882,0.108809007719211,0.403871515672558
sid1414,0.10870131640923,0.153358611983567
sid1429,0.10861462302377,0.109778266868514
sid51,0.108571804645981,0.183040077293512
sid666,0.108273000365094,0.125076099639935
sid250,0.108092227613552,0.133557436097747
sid185,0.107505389470714,0.188885963234797
sid605,0.10724891711335,0.220948309102346
sid4,0.105958372423936,0.185159926458801
sid1537,0.104633091843144,0.17449108176711
sid1331,0.103735997530134,0.238351366761131
sid1589,0.103565288634656,0.231951248175851
sid453,0.103012918365023,0.205111020673218
sid1099,0.103009454102877,0.192091599201825
sid774,0.102665238967163,0.203661987280475
sid1825,0.102239420899636,0.189943389473096
sid1734,0.100705205194464,0.206575361564161
sid288,0.100605665436277,0.266235057774603
sid1619,0.100389100316362,0.157246545931402
sid1044,0.099500777272692,0.20633667583723
sid1828,0.099117755162131,0.26001405247005
sid1520,0.098718467686742,0.200275946579103
sid386,0.098575449703143,0.230091376519483
sid1968,0.098430051267653,0.201600277844694
sid1848,0.098180519763117,0.18486777424509
sid1951,0.098168044798422,0.436580156728027
sid1759,0.097928519589788,0.254928333245522
sid1721,0.097548899572906,0.089532693862222
sid1691,0.096616514879672,0.189566711038768
sid529,0.096397104329067,0.327959257778032
sid906,0.096186048415548,0.274444438211216
sid1712,0.095083159553707,0.220199809614257
sid1151,0.094776433120008,0.19940375427406
sid1841,0.093962476601736,0.193681101933562
sid57,0.092000449088295,0.271079634138531
sid1606,0.091977141728629,0.240003384848128
sid1447,0.091854523803326,0.181709753517346
sid617,0.091800187050266,0.206573218801456
sid969,0.091367847596342,0.402781567826411
sid1353,0.091207333704797,0.238256731904722
sid338,0.090770686164201,0.214170848547143
sid1997,0.090679573780514,0.41491034667135
sid601,0.090567221187362,0.278647375268225
sid676,0.090243569798356,0.270476171483659
sid490,0.089952381758306,0.270423208273217
sid1953,0.089746574269652,0.335909726159096
sid427,0.088609121215633,0.329755057590221
sid1934,0.08860622624678,0.297851035908399
sid485,0.088566045678191,0.296320772097153
sid1999,0.08774026718425,0.265398805627704
sid837,0.086556838292142,0.312754196660618
sid956,0.085477816645556,0.295072106070936
sid1777,0.085284686596783,0.268818219356049
sid631,0.085214380101046,0.432594541837792
sid636,0.084871952039898,0.282904513161843
sid1387,0.084789468886516,0.206161641640742
sid107,0.084439821034481,0.316013724424725
sid948,0.083624198377297,0.236721543698793
sid451,0.083434707193173,0.369051053478015
sid1304,0.083097900756727,0.308771083202728
sid937,0.081717716083414,0.40955968656954
sid265,0.081679644846173,0.286790744767158
sid1681,0.081180951802277,0.268076729371412
sid1494,0.081081579614418,0.299046560495638
sid964,0.080830670583461,0.287615414258579
sid741,0.080792947604857,0.332335890565226
sid572,0.08032271276413,0.315742177286937
sid415,0.079968351991657,0.317888818596711
sid810,0.078568027934527,0.406020221516619
sid607,0.078567382042967,0.290423861544876
sid1967,0.078140305838868,0.335412522982565
sid1121,0.078084264335539,0.33897048555965
sid1296,0.077975739711057,0.29949536628711
sid1562,0.077804475689102,0.319066965303088
sid527,0.077757638783921,0.359409779090203
sid1110,0.077419211140484,0.255029290271087
sid494,0.076855230453157,0.359887241991413
sid1519,0.076441308176332,0.357448938964143
sid357,0.07633259045639,0.44803670955583
sid267,0.075872369076383,0.352870670559189
sid922,0.075564407930555,0.287571102684727
sid1961,0.07440025416416,0.34825550923987
sid1328,0.07308311487042,0.283811023631485
sid599,0.073041456281935,0.371173664607511
sid394,0.072597555865284,0.330090095624537
sid1922,0.072501151783499,0.471212829668808
sid1320,0.072479287698294,0.332231267427915
sid1434,0.072443838424047,0.355122361228303
sid145,0.072189949227205,0.396654284699167
sid359,0.072102609132629,0.348671708373499
sid847,0.071946414101701,0.326507673359806
sid60,0.071894783276366,0.374009209053632
sid1139,0.071821751403399,0.30257936154425
sid483,0.071793126691532,0.428138556268842
sid1500,0.071357873727915,0.382330183834032
sid488,0.071201901873968,0.413620994240757
sid1863,0.071010626872213,0.357470024403888
sid239,0.071000306687922,0.332925998225264
sid1751,0.069801701962921,0.444878821934094
sid508,0.069416738596714,0.400225537230029
sid1276,0.068992319237466,0.365682601306515
sid234,0.068399760134608,0.446641910615395
sid604,0.066146327365924,0.40894630845553
sid1012,0.06589011181559,0.409266914949753
sid88,0.06571135893903,0.432295121491777
sid952,0.065376371047108,0.388655527976417
sid1118,0.064848690714987,0.413764468666852
sid423,0.064766112060316,0.447104445524671
sid367,0.064143728878426,0.448219782931682
sid612,0.063229864763326,0.469653407069669
sid435,0.062894622136806,0.519845761442243
sid1671,0.062400696166184,0.421656706986341
sid1798,0.062399458032553,0.382483068824455
sid1605,0.06238308347773,0.428888336993256
sid1062,0.062342366946332,0.443941930223694
sid1052,0.061920659496202,0.555437874206683
sid1946,0.06164710379647,0.391923134131116
sid1392,0.061640571287504,0.441661986168466
sid1490,0.061373240150305,0.448079192698615
sid1831,0.061162899267429,0.448157106991873
sid172,0.060938059660946,0.532940040139523
sid1981,0.060723792492371,0.463466920792838
sid1854,0.060710781614818,0.489240180796801
sid621,0.060483755827278,0.482616331018742
sid933,0.059861681902895,0.420838614531898
sid1846,0.05948561150611,0.577571738258797
sid1811,0.059106454332602,0.452171394498847
sid290,0.058927653594504,0.460618912509818
sid697,0.057762147249377,0.454342714623986
sid1274,0.057760523566483,0.421312321567008
sid8,0.057548822182028,0.446750588020137
sid1859,0.057328021871108,0.508970910444229
sid1068,0.056644796889454,0.585592343025795
sid348,0.056555862912694,0.432271305259927
sid472,0.056480287747875,0.490933934586541
sid325,0.056137459217117,0.490677713347866
sid125,0.056058435744651,0.491289337636823
sid1679,0.055950355173659,0.425559558443884
sid322,0.055899769610964,0.49832550935983
sid579,0.055450204524888,0.477968565067996
sid1634,0.054672586127148,0.415475617391801
sid1233,0.054650832187944,0.476436934462387
sid1092,0.054205792509565,0.493288068568535
sid929,0.053707381574651,0.482806468875932
sid294,0.053051328918243,0.490739361859663
sid1014,0.052874273183361,0.536455453244165
sid1608,0.052679558929535,0.627965790770427
sid32,0.052598124306579,0.479474269318338
sid958,0.052267549488713,0.499741366377207
sid547,0.052188875209801,0.547739334260936
sid1701,0.051746071807196,0.47596319278713
sid888,0.051625282602831,0.502485582096926
sid1267,0.050111398116116,0.533108284185032
sid1106,0.050065127846578,0.559793439284315
sid539,0.04963340863855,0.521626195162632
sid1752,0.049487248314677,0.557239047594857
sid903,0.049437894028407,0.5146638062427
sid463,0.049006648326318,0.547460918645381
sid132,0.048725971363964,0.580484150319641
sid1886,0.048457756212072,0.553285537846697
sid1532,0.04841246267479,0.519864449345591
sid896,0.048407695507639,0.581499593795961
sid1038,0.047727200702701,0.779087192750823
sid1058,0.047628553541924,0.58047996318383
sid1523,0.047227731058922,0.546924204565241
sid1077,0.046929836691173,0.524728485491856
sid1049,0.046870219011585,0.571613273644405
sid1089,0.04685983943563,0.600870055528233
sid293,0.046748202005542,0.530878714554855
sid104,0.046738844317457,0.604744772374073
sid726,0.046438757662498,0.539359841823574
sid262,0.046307193270159,0.567213395332309
sid1163,0.04568441697147,0.638721450777581
sid650,0.045676956756821,0.511356695017506
sid327,0.045661893346812,0.536002001443895
sid762,0.045631679547101,0.595105640149696
sid99,0.045480094864763,0.584383785174532
sid1907,0.045376324900885,0.631658160877724
sid962,0.045207003107107,0.572740759991797
sid528,0.04467181246578,0.570044292297771
sid1687,0.044662942745837,0.557274907003103
sid1688,0.044297878033576,0.809760642117137
sid1708,0.044293848763484,0.585436047194283
sid305,0.043884924579045,0.536183898888784
sid1035,0.043819178064081,0.600739489860014
sid388,0.04294867630143,0.631623674265761
sid1839,0.04261760786051,0.603357542458325
sid1964,0.041482653810712,0.530441868398242
sid95,0.041415775106609,0.597376086048104
sid1034,0.041078280035641,0.612977135566502
sid748,0.040883363177092,0.560549997201901
sid86,0.04008785076159,0.62621401287679
sid1040,0.039331963026941,0.633897158244175
sid36,0.03911211414273,0.643986629397302
sid1761,0.039029007694094,0.565636157735788
sid1682,0.038745178060752,0.661632210654627
sid917,0.038732800043471,0.593761558794466
sid1184,0.038291211219533,0.672857576548221
sid941,0.037845080215428,0.608061555727859
sid521,0.037612272583857,0.661400632509143
sid1908,0.037397427684657,0.670307447541235
sid1790,0.037326727235303,0.673297492739489
sid169,0.037279158966286,0.622278130628112
sid455,0.036569939846704,0.644074424075358
sid1069,0.036552922829814,0.707233288070305
sid1491,0.036415968750675,0.68681109970761
sid1279,0.036088634082472,0.672064641511358
sid1889,0.035935994787831,0.657099380334047
sid1760,0.03591863802343,0.745656592325266
sid653,0.035861810592029,0.613263465711655
sid699,0.035772325748032,0.642288450773191
sid630,0.035138566550755,0.649173141412883
sid1073,0.034649532251951,0.661579856269378
sid142,0.034507432638626,0.657970577792258
sid1599,0.034191557619954,0.707332736373852
sid1817,0.033961032493104,0.634797338384955
sid897,0.03360626938135,0.713264027630404
sid1254,0.033044720279323,0.662375485052193
sid198,0.032705916897643,0.672003376131652
sid1985,0.032570870450756,0.656375407460406
sid817,0.032061991977807,0.705859169850186
sid1820,0.031647735618773,0.624931542640564
sid1917,0.031066182857673,0.71360942500681
sid1075,0.031041472629652,0.660987605880344
sid1212,0.03101198238452,0.688965060427084
sid1086,0.030353783212244,0.670404122234765
sid495,0.030335072375865,0.727882154387302
sid1678,0.030200222891511,0.742284783629234
sid1989,0.03012179859392,0.713506862243183
sid130,0.030024332421355,0.693265716313029
sid1119,0.029804778703495,0.669120641290213
sid1766,0.029771478531763,0.709502270601513
sid809,0.029108820827564,0.744297853734158
sid1128,0.028922670134981,0.706448480003555
sid1026,0.028856971071558,0.739708728488316
sid1229,0.028652161762283,0.730474705750448
sid56,0.028289240414583,0.735538892519793
sid1905,0.027444607187162,0.729654802232673
sid131,0.027371795176675,0.743812659090785
sid753,0.027225566541169,0.757563771016915
sid1124,0.027146101399876,0.711535718376701
sid638,0.026751086582184,0.716285325301445
sid1812,0.026729249776935,0.763654914042265
sid61,0.026620093077185,0.739076040809931
sid1857,0.026138384687102,0.775961049921877
sid1941,0.026132649039967,0.776008915527051
sid1903,0.02585703502367,0.712186072103818
sid1984,0.025627727840417,0.671640833366663
sid1307,0.025313500224802,0.738046271850641
sid825,0.025270553921914,0.726519343736475
sid193,0.025005726462129,0.754378458274962
sid1632,0.024510675240434,0.772167925709393
sid1109,0.023746299938265,0.75578439141633
sid1975,0.023715362823653,0.765236454072924
sid835,0.023634680185754,0.780099476657096
sid342,0.023559693116074,0.744368997114938
sid1594,0.022990572066781,0.791258063939877
sid1838,0.021247508008634,0.80044095746267
sid1115,0.021116909824552,0.76264189970921
sid499,0.021023383630582,0.801140891452108
sid581,0.020911519689468,0.791044335118135
sid1700,0.020597302959863,0.867591648782626
sid1125,0.019856844664011,0.787920323428849
sid1190,0.019583164471959,0.79931848663607
sid1763,0.019478398613911,0.816751132550774
sid1895,0.01878218539423,0.783728749309533
sid469,0.017755750963239,0.822553837782736
sid1057,0.017669517511934,0.828376356875105
sid1799,0.017665834314144,0.844345988558559
sid720,0.017520355882227,0.817473852267768
sid585,0.017485912943015,0.8188611160559
sid438,0.017105566969403,0.850434392760659
sid195,0.016985859933398,0.8349201708845
sid1927,0.016630438542205,0.814276751860258
sid1220,0.016369010640515,0.830738739164302
sid1193,0.016222314341902,0.816978854057963
sid1858,0.01619637945546,0.861214653163437
sid1565,0.016124314276614,0.841648026086254
sid974,0.016085797307934,0.954626247885805
sid24,0.015993809487018,0.8439265505868
sid196,0.015904761828148,0.82400492035282
sid571,0.015556831149544,0.845684044409095
sid466,0.015378873458948,0.858435294332769
sid1113,0.015350038649748,0.829194818612252
sid1061,0.015254984005495,0.835398492702548
sid143,0.014603454381565,0.864026891986321
sid320,0.013677575584508,0.853399348580749
sid94,0.013121530813851,0.880388969731861
sid1270,0.012822964066364,0.883977123133912
sid1871,0.011818797996673,0.876283481753629
sid722,0.01096464525488,0.873303092673258
sid1257,0.010666003343263,0.893176655531809
sid1120,0.010538093793184,0.882262958686485
sid1943,0.010452681918476,0.909025174799669
sid742,0.010327811234141,0.891479221617287
sid42,0.00910079936561,0.908492940834217
sid245,0.009003134067275,0.916225842942993
sid1940,0.008732667474596,0.910819083971882
sid1248,0.007097616689717,0.929926473492326
sid66,0.006685557568805,0.935504582872123
sid345,0.006645501960209,0.923736027521336
sid180,0.005567981678763,0.94255214103363
sid858,0.005510069115819,0.94610614981738
sid1564,0.004525279682024,0.958456715480872
sid800,0.004124806604744,0.960181473189955
sid519,0.003952579989121,0.974286322662185
sid1439,0.003877440906505,0.95938423349926
sid27,0.003843539165989,0.959506527332796
sid1208,0.003707725251994,0.972810753125828
sid899,0.003325949713246,0.96535954679892
sid90,0.003108200021546,0.972002601407908
sid128,0.002930201868354,0.971515361658319
sid566,0.002645121112463,0.977125701763265
sid306,0.002588633039015,0.975004587834885
sid1958,0.002382388052904,0.976072144257254
sid447,0.002330867935518,0.973934681806713
sid1869,0.002308318797008,0.981815390108283
sid895,0.001968324072949,0.985226364860326
sid1484,0.001601574646118,0.982643895604703
sid1667,0.001358348811616,0.985279386455072
sid1359,0.001006628430294,0.990212699345146
sid302,0.000814966714053,0.991685578478442
sid704,0.00024070950588,0.997536704159834
sid140,-0.00095748164726,0.989022142702136
sid1234,-0.001188845820402,0.986205692390762
sid661,-0.002140932476952,0.979115901039264
sid1054,-0.002347254590675,0.983302286246561
sid1107,-0.00241322132371,0.975233303668884
sid1336,-0.00297592714656,0.969276949902547
sid1894,-0.003727631391229,0.967360105934545
sid1832,-0.003801892512457,0.956853773763655
sid155,-0.004161729972776,0.961504506646065
sid1630,-0.004327175560635,0.959827013447003
sid1620,-0.004494533337003,0.978937556285155
sid667,-0.005206762112775,0.950787589355015
sid444,-0.00530380550453,0.947436825386484
sid727,-0.005547973331966,0.950244286012975
sid369,-0.005795779757172,0.951418565293548
sid831,-0.006264698419908,0.942728903247237
sid1595,-0.006993006993007,0.933703856377744
sid1097,-0.007018365194782,0.920836528353327
sid1540,-0.008573268229087,0.903136166944875
sid1123,-0.009359471400262,0.903013125974615
sid1899,-0.009361422975071,0.913223187518629
sid215,-0.009507956732246,0.895590466175961
sid1660,-0.009955159142902,0.905401012203875
sid641,-0.009960029891978,0.885369073796162
sid910,-0.010302849423591,0.905593632444393
sid1100,-0.010705408862241,0.88101001116523
sid515,-0.010838147819808,0.913905227080184
sid403,-0.011006238334538,0.892945582321977
sid1440,-0.011023980061985,0.885872994799826
sid1136,-0.011279219850158,0.879217729633149
sid1055,-0.011510590148281,0.876423247764829
sid440,-0.01157515835078,0.888575006370903
sid877,-0.013588850174216,0.932798788842143
sid1127,-0.013911041596141,0.864932056997385
sid1238,-0.013976418628692,0.855605242646659
sid1478,-0.014723924933646,0.838120952807698
sid624,-0.015360348107516,0.867197074131784
sid461,-0.015595915660739,0.851278352453535
sid261,-0.015932544090578,0.841507920631432
sid1881,-0.015993505975148,0.858920241918792
sid1231,-0.016084227640805,0.815040081543934
sid1969,-0.016246309239206,0.822563111217998
sid1269,-0.016301147958643,0.848944883049274
sid1072,-0.01648972364699,0.830002506491561
sid934,-0.016713984824776,0.839130803344714
sid315,-0.016895076568351,0.827923300621652
sid1333,-0.016897827098595,0.815572091695422
sid353,-0.017810949448923,0.802335331969861
sid512,-0.017853271822009,0.82380948814892
sid662,-0.018026796465442,0.815508647062061
sid946,-0.018088691196464,0.799815685585212
sid1882,-0.018404364517473,0.822526764511875
sid1189,-0.01880895809828,0.785916585920121
sid1358,-0.019223358765128,0.824859843437774
sid1455,-0.019486451708818,0.800869730703109
sid1525,-0.019748603968345,0.832621253303395
sid1135,-0.019762898917092,0.783910681243522
sid347,-0.020115076439026,0.786373997343036
sid1916,-0.020120681242097,0.742999896691572
sid69,-0.021586790242566,0.788428742141555
sid1527,-0.021593530465936,0.750664435029136
sid884,-0.021736844565245,0.778437348723179
sid227,-0.022357582678647,0.78524863287407
sid1547,-0.022720063983601,0.765365231536533
sid299,-0.023278875694654,0.812764605948528
sid1197,-0.023303486444627,0.824530801330518
sid1265,-0.023728100729956,0.75390892935238
sid1980,-0.023846874954829,0.758975228302159
sid1636,-0.023889642865987,0.740264402380406
sid110,-0.024469827628406,0.751440103078889
sid785,-0.024509234874311,0.751772639237164
sid1715,-0.024794181798164,0.747530413451501
sid1256,-0.025081983761265,0.757495061611829
sid123,-0.025233378175989,0.751450278844099
sid308,-0.026209310254948,0.744550398786574
sid253,-0.026372903983418,0.743011538328886
sid1383,-0.0264009103509,0.802734393598271
sid1401,-0.026955492040985,0.714211529080704
sid1663,-0.02705744413226,0.795736272771918
sid1287,-0.027060454835947,0.917889420410331
sid474,-0.027161365582416,0.732338224810568
sid1617,-0.027223297364171,0.740034896924166
sid1733,-0.027585414697496,0.747186253198394
sid392,-0.027928422474422,0.740562313925954
sid154,-0.028086459715434,0.721090692794493
sid1965,-0.028530451129771,0.726279117803663
sid1293,-0.028989997344901,0.695267776749356
sid428,-0.029070375001498,0.73220704247705
sid1644,-0.029089806348672,0.70649612467353
sid1258,-0.029373703078837,0.721226233693908
sid1675,-0.029464428411835,0.745294892387492
sid717,-0.029943551352191,0.711487143480998
sid721,-0.030315775576658,0.673168749053235
sid328,-0.03069142576404,0.685091371644837
sid818,-0.030748329708034,0.715443134346882
sid111,-0.031120692364958,0.729394395091073
sid543,-0.031252784549909,0.664490689600063
sid671,-0.031395405974815,0.729230659418197
sid1335,-0.031525131401047,0.707587748246565
sid1380,-0.031553877651063,0.669833578481299
sid1108,-0.031911731375199,0.66289882711405
sid1978,-0.032489986507203,0.694057529264815
sid181,-0.032632340256283,0.674545749300579
sid1244,-0.032690299421763,0.66667872757918
sid635,-0.032701523555674,0.690180267977431
sid1844,-0.033132652954109,0.627400584556264
sid545,-0.03364851934466,0.676672578661981
sid1457,-0.034801701866495,0.647511142755811
sid898,-0.034871463798909,0.690274587149867
sid593,-0.035172765489909,0.705338619263816
sid216,-0.035270284261775,0.689198981602732
sid298,-0.03547562738236,0.659144137622951
sid718,-0.035543525197199,0.655445646527066
sid41,-0.035969568321363,0.654701343726204
sid22,-0.036064839825376,0.648660234633664
sid594,-0.036068219425889,0.654864714851378
sid838,-0.036252418428136,0.629958865167097
sid1545,-0.036702376748543,0.67965013584999
sid552,-0.036843769572419,0.641593904527835
sid1805,-0.037454224064108,0.63502215011194
sid497,-0.038136791205678,0.636448986527225
sid317,-0.038407474305314,0.639634521586887
sid556,-0.038423546480742,0.639494324996216
sid1315,-0.038435098786917,0.601488660583009
sid2,-0.038911767048376,0.603011709226969
sid738,-0.038933929778985,0.571099256734145
sid12,-0.039150504349172,0.62638514756496
sid1149,-0.039409377962401,0.563664031192977
sid1360,-0.039984121599498,0.604674627372664
sid1819,-0.040189943144234,0.622999809678265
sid789,-0.040764421975323,0.650399237353322
sid1352,-0.040935188660562,0.549585124552368
sid1741,-0.041018970646428,0.565128503547699
sid792,-0.041054843201889,0.601700103130471
sid852,-0.041228831213835,0.592366179887132
sid1363,-0.04197034931009,0.579122147912015
sid1503,-0.042231149246955,0.564994235300806
sid1711,-0.042406133597355,0.592094332328736
sid168,-0.043117518603685,0.601582069738437
sid121,-0.043263771872583,0.583444154235756
sid1947,-0.043699230368765,0.606883964972799
sid1957,-0.043759171308233,0.629395592498566
sid197,-0.043807047265636,0.626211486984992
sid1167,-0.044384990266041,0.594754876153687
sid344,-0.04446350220155,0.551170272817144
sid1192,-0.045012836008628,0.536364614538722
sid507,-0.045487965067823,0.665042819883665
sid341,-0.046200470795133,0.51593450936361
sid1345,-0.046336785927504,0.527752874310052
sid816,-0.046477431660201,0.541356749102234
sid318,-0.046658701270442,0.560464950367641
sid1573,-0.046946933596443,0.526845674007213
sid1810,-0.047427138391988,0.53669838546906
sid1664,-0.048084555974645,0.533494385790756
sid28,-0.048236814764747,0.553778128734475
sid632,-0.048270933845467,0.500568136217581
sid1183,-0.048431456039772,0.558856033761484
sid1479,-0.048462865905064,0.538996043936081
sid737,-0.048465064785455,0.544079237383243
sid1548,-0.04878696203505,0.46953455324879
sid1421,-0.049488270026124,0.502353499855133
sid280,-0.050366335136902,0.482135053812707
sid706,-0.051816806992417,0.549101132351896
sid486,-0.051847258752568,0.520356168945763
sid1864,-0.052246876494864,0.460232562122015
sid1983,-0.052665779736793,0.385180232578146
sid656,-0.053507637559866,0.488307253205509
sid950,-0.053641335439021,0.452916279849628
sid869,-0.053792860801365,0.489920161029709
sid1534,-0.054019098392218,0.533768712573641
sid924,-0.054722977718776,0.448543628881598
sid1290,-0.055131976312391,0.475182123634911
sid1016,-0.055225505245401,0.50793143625787
sid1284,-0.05552047405082,0.412533860718299
sid387,-0.056160863909747,0.476428803472371
sid1430,-0.05724974157578,0.44524801617082
sid1382,-0.057352002190218,0.566942848231083
sid1436,-0.058078845873254,0.416359263605719
sid260,-0.058478070406884,0.448760004633115
sid1376,-0.059557090697671,0.436354736885633
sid928,-0.059621675076177,0.398119515428202
sid1718,-0.059965200692683,0.381615060634578
sid736,-0.060286981936203,0.43482757128261
sid834,-0.060782853908708,0.392549907186429
sid1390,-0.060868801406695,0.453312848333348
sid586,-0.061323690915842,0.486547790195316
sid677,-0.061700955688632,0.424111512466143
sid921,-0.062548631409767,0.476160096755343
sid1472,-0.062580496816025,0.418917213300127
sid1818,-0.063161881089102,0.379136295660685
sid1425,-0.063205670174719,0.390126046037478
sid1935,-0.063249302959772,0.44504493720064
sid268,-0.063432231389534,0.405671195070655
sid827,-0.063931921499576,0.384692048013963
sid373,-0.063957882734612,0.408731541386013
sid669,-0.064606823402027,0.429073704676529
sid1059,-0.06468912972745,0.437904841707095
sid1574,-0.065237159755565,0.399403542475198
sid945,-0.065857968351531,0.373110926335733
sid1625,-0.066357031291656,0.541425567700075
sid274,-0.066575832121845,0.335852093826528
sid1731,-0.067133174030824,0.411208639981641
sid1901,-0.067669333596413,0.428644630462134
sid1325,-0.06770099209477,0.349532581640945
sid350,-0.067910751956509,0.344270217005039
sid876,-0.068489226845988,0.398671697715501
sid966,-0.068560270334792,0.363173704959932
sid573,-0.068680861311203,0.394252292218431
sid710,-0.068982531491309,0.371401273113286
sid358,-0.069050267567464,0.410869912196431
sid1255,-0.06906369143446,0.467310003367572
sid1884,-0.069096767256693,0.427598317644471
sid745,-0.069262164372443,0.372334192666777
sid16,-0.069887485717879,0.41192539938042
sid1458,-0.070049275956512,0.339458578335226
sid413,-0.070448741449055,0.398128129535577
sid1243,-0.070528256969151,0.336158355740219
sid767,-0.070826922713259,0.328953147147112
sid364,-0.071167833003063,0.335724417936334
sid1771,-0.071320547320072,0.540382957738809
sid1431,-0.071354980796429,0.511331081423707
sid307,-0.071450652435004,0.434171018093375
sid80,-0.072811228715159,0.346822556968914
sid468,-0.073094904905586,0.387321649003204
sid1628,-0.073143235397777,0.343177623433882
sid1337,-0.073169228978766,0.498099562303352
sid957,-0.073216800491155,0.29208917992724
sid1280,-0.0736488029782,0.35013975997113
sid510,-0.07366516173025,0.341181349533445
sid183,-0.073679627828936,0.406638806861456
sid1078,-0.073742286767228,0.383119951881148
sid7,-0.073857761110654,0.327193714707671
sid775,-0.074006977750563,0.356967649805205
sid1348,-0.074530223937224,0.334079269780676
sid846,-0.075798990994179,0.306472096280376
sid479,-0.076053742448078,0.284452020843418
sid1501,-0.076758191117612,0.42759640858839
sid1546,-0.077140198168903,0.44092906194279
sid1689,-0.077412287651226,0.320044496380497
sid1773,-0.077594434735093,0.323356952196505
sid1327,-0.077933088074169,0.312416941769221
sid1154,-0.077985430369777,0.470166003949749
sid1237,-0.078402885280843,0.335386507260771
sid339,-0.07845121632381,0.32874645037862
sid1804,-0.078549550470143,0.345979317443097
sid1024,-0.078987591760502,0.317734169467505
sid1551,-0.079348259723253,0.25808396887585
sid15,-0.079376022528871,0.302075724059856
sid1094,-0.079411663027023,0.34069507848938
sid685,-0.079598663113197,0.39154497845277
sid439,-0.079742345250634,0.319262853859605
sid500,-0.079884435809728,0.301865473368496
sid1225,-0.080373970525942,0.28757729696526
sid780,-0.080427064781901,0.384571180098221
sid1591,-0.080496962215853,0.317822364051301
sid1714,-0.081287537016392,0.311506165722759
sid920,-0.081315686130016,0.262184257792812
sid1480,-0.081442534694982,0.239945422648109
sid1695,-0.081453738110631,0.289556825307843
sid1165,-0.08234918497936,0.316424238254623
sid303,-0.082568560446106,0.259955130571488
sid167,-0.082754021524043,0.368877015918603
sid1738,-0.08328317919383,0.30931330461574
sid681,-0.08369253864412,0.336339646623015
sid1476,-0.084145995419894,0.239748517389991
sid1888,-0.08436866608349,0.361628323485166
sid1576,-0.084887700681099,0.303329756993759
sid1502,-0.08510968347542,0.269805395767726
sid207,-0.0852495128953,0.297989538444797
sid209,-0.085474551057412,0.308383041325807
sid909,-0.08637842015179,0.344133961700976
sid89,-0.087354198602385,0.382645915650654
sid1561,-0.087881637502581,0.275305565072525
sid329,-0.088138462254346,0.261745415522046
sid954,-0.088187913193148,0.312782510589959
sid1468,-0.088207322005502,0.244369468576724
sid860,-0.088358853025835,0.203295697156174
sid551,-0.089826064147986,0.266343849711014
sid851,-0.090024437287915,0.244425222656408
sid939,-0.090553023810718,0.238848121423395
sid861,-0.090657495679918,0.189602388963474
sid1266,-0.090698400418167,0.251038575053339
sid153,-0.090855012514161,0.254721465715963
sid1041,-0.091951320715688,0.261476551964557
sid1435,-0.092300497122281,0.232653755972082
sid1583,-0.092335689824336,0.433948669456362
sid728,-0.092606185598591,0.229707983869081
sid550,-0.092784774858859,0.237329776911776
sid926,-0.093796160005939,0.170584839670078
sid995,-0.093957444516106,0.238789328687842
sid1878,-0.094153229035489,0.198718533903817
sid1412,-0.094568642458166,0.286410118502731
sid282,-0.094693959696731,0.331947202095544
sid63,-0.094811179823442,0.231563026978139
sid1095,-0.095278971827806,0.227794929516026
sid102,-0.095590708755608,0.246185579579369
sid708,-0.096278015871543,0.167580686935769
sid1756,-0.096906995344677,0.200731828021473
sid355,-0.096928946134651,0.242838711720017
sid471,-0.097303911688622,0.226885368856005
sid716,-0.098112738302054,0.201721342063101
sid237,-0.099054079720303,0.176237327647025
sid1904,-0.099400898842477,0.195835580638822
sid1692,-0.099556099992642,0.184861262370508
sid555,-0.10256894673916,0.221205296429921
sid1658,-0.102714051701189,0.211017508095833
sid406,-0.103212661318999,0.210348066396897
sid1584,-0.103377749925616,0.234573342349844
sid1991,-0.104184035855168,0.097571672199335
sid932,-0.105284269374764,0.135900576077386
sid517,-0.105302866347477,0.199677346763273
sid692,-0.10802347690981,0.168565842967607
sid637,-0.108228496198696,0.13105721551813
sid675,-0.108744911815502,0.296803801787478
sid1522,-0.108816059162719,0.131970312398715
sid749,-0.109312117499124,0.178605171397929
sid1786,-0.10955169070088,0.148965751993124
sid314,-0.109849150287358,0.131364291944658
sid885,-0.110384354366791,0.154325096218035
sid464,-0.11050781293079,0.131112564757129
sid824,-0.111024725003901,0.160883078331747
sid1131,-0.111497683748185,0.115069337459665
sid1194,-0.111698646332267,0.153187922219695
sid619,-0.11181056886806,0.125583925402633
sid484,-0.112128999151978,0.216915574105425
sid1826,-0.112994932109575,0.193627000375171
sid487,-0.113044328104898,0.162746889397555
sid232,-0.113080485209875,0.161231256958861
sid1570,-0.113307375664851,0.159022533370002
sid867,-0.113782882025181,0.11137787797196
sid1509,-0.114127895902666,0.555529594615226
sid524,-0.115106775884259,0.165045533409402
sid1898,-0.115921907048778,0.190798807409226
sid1427,-0.116349629757292,0.153445605863041
sid174,-0.11721148235139,0.104508904840054
sid1384,-0.118131125728107,0.115271716826813
sid113,-0.118686154716552,0.143961336458629
sid258,-0.118913322078525,0.330463148432618
sid678,-0.118982500272653,0.142955915409109
sid1861,-0.118982591269835,0.102956452532953
sid580,-0.119184649430374,0.135816116585313
sid873,-0.119623443456827,0.081537617870615
sid304,-0.119705992127394,0.118880315424089
sid1134,-0.119852284261381,0.085407359584674
sid972,-0.120386046876652,0.155038670733773
sid575,-0.122678218033866,0.18007555013179
sid300,-0.12406677008738,0.180720059530678
sid1222,-0.124152403717299,0.25191666053576
sid1732,-0.124856795492727,0.11340713582908
sid446,-0.124981319703237,0.123731653427469
sid384,-0.12567941565778,0.10143871384586
sid1710,-0.126352563226822,0.07033840141969
sid1668,-0.126653317361063,0.108268428231825
sid144,-0.126743262982355,0.204300475688817
sid1308,-0.126973894773313,0.078467515141594
sid1002,-0.127803884268159,0.094767365402911
sid663,-0.128500176858791,0.133087026366131
sid1556,-0.129028549203204,0.446596218340879
sid904,-0.129844970937048,0.134830841336009
sid362,-0.130044327314159,0.085386580652725
sid376,-0.130616512912376,0.097578412513593
sid1253,-0.131077714346899,0.166400915542027
sid732,-0.131626069821936,0.122451972454393
sid433,-0.132419502665553,0.102742669256637
sid1885,-0.133998843591193,0.081489838600484
sid326,-0.134293769788656,0.075572946703463
sid73,-0.135045717203589,0.065359577045851
sid269,-0.135902776180355,0.077213189514774
sid786,-0.137166237917827,0.042099925112342
sid430,-0.137987713496244,0.09672637822518
sid1704,-0.138241301946299,0.137173273557229
sid1311,-0.13903164423157,0.053190336589132
sid1141,-0.139067910956591,0.043101274800142
sid445,-0.140505570116984,0.156890947695949
sid1990,-0.140507153445883,0.08424592153696
sid505,-0.140937858684429,0.073631672534926
sid278,-0.141081705088089,0.068973905468926
sid1877,-0.143789928826592,0.03921316076801
sid1085,-0.144958174925176,0.050885545684835
sid883,-0.146396944968725,0.087814308152132
sid836,-0.146451405343459,0.037071001258849
sid1037,-0.146543189888322,0.128375685683745
sid98,-0.147127672205341,0.072390410120044
sid1283,-0.147189810573309,0.213991039127277
sid431,-0.147214301337206,0.069383544835154
sid1842,-0.147450074293549,0.170395759742507
sid947,-0.148902606709048,0.1433801963124
sid1381,-0.150715205101331,0.042846735929482
sid1672,-0.151344790726035,0.052322316403738
sid1289,-0.152211652152197,0.050971721020315
sid705,-0.153801569047551,0.080623173006564
sid93,-0.155800239126403,0.061304962993858
sid1029,-0.1559050367037,0.077679716236106
sid1420,-0.155955466216309,0.052649208238961
sid988,-0.156272606721608,0.054532475024498
sid880,-0.158492871480584,0.033583147108421
sid201,-0.158719927118072,0.196085438881582
sid1616,-0.159247570793814,0.019473281126985
sid1775,-0.159941851399991,0.060001172235452
sid285,-0.163023217685352,0.050089815827971
sid1787,-0.164436878791658,0.024134580636299
sid643,-0.165118107707234,0.03141427951592
sid812,-0.165599508273097,0.373305547665046
sid149,-0.169525364019744,0.025332986880957
sid1203,-0.169707193680846,0.011506499871348
sid1235,-0.169841823587048,0.020818559340965
sid1227,-0.173708994669763,0.051743534854126
sid1446,-0.176334948853304,0.010649305085065
sid782,-0.177686767919989,0.035036532727535
sid1168,-0.178366337865619,0.037037689580709
sid252,-0.179874227713645,0.017881034839628
sid1563,-0.186951709001797,0.01524471523611
sid833,-0.190955071894548,0.030180703340445
sid124,-0.191228646739725,0.01542243344971
sid422,-0.198748752992177,0.010028402839182
sid1112,-0.201011653831551,0.004123967011303
sid611,-0.202134511420232,0.00880247003227
sid936,-0.203619500050415,0.00531093654463
sid1369,-0.205617781410541,0.197150598422913
sid987,-0.211428081767345,0.010150066213375
sid151,-0.212187688856947,0.001940025167391
sid287,-0.221038739500264,0.00328677713138
sid1036,-0.22364234632807,0.011824801516168
sid853,-0.224824797387365,0.003910249125732
sid120,-0.226923085140172,0.073697073158666
sid352,-0.231317008486384,0.006737501645889
sid751,-0.232638163439031,0.001674223460706
sid1114,-0.233584543987627,0.055226750940102
sid1800,-0.234325689021964,0.002450580032981
sid530,-0.235461010194827,0.000893094284287
sid1757,-0.237706448029943,0.001979891059877
sid740,-0.238770524886186,0.001287110508856
sid1737,-0.241018860093177,0.279910946412621
sid689,-0.242408048955336,0.000704968179269
sid1368,-0.244212452435034,0.001920785615831
sid323,-0.245061517204889,0.000518931459894
sid536,-0.246641742870907,0.001405256092181
sid1887,-0.253081641142975,0.000780839427881
sid1361,-0.253484498450518,0.000464467562822
sid1670,-0.259975737279564,0.000774235395002
sid126,-0.266600362236154,0.001055420492897
sid82,-0.266818288008201,0.000491104950652
sid1834,-0.266966609091987,0.000303216170018
sid1370,-0.267500017850278,0.035561854433044
sid1513,-0.271556539763302,0.000685139151397
sid160,-0.283883581420015,0.000300714619337
sid1171,-0.288979712167654,1.59682120831942E-05
sid980,-0.29201221974535,0.117394369896184
sid1312,-0.292176798168951,3.40411998521965E-05
sid332,-0.295825677264108,8.97817406524934E-05
sid450,-0.305809797979654,0.000226277319515
sid1111,-0.31252053892072,3.12670114181176E-06
sid1082,-0.312526867085615,1.48433892986101E-05
sid509,-0.317532065471591,0.000275156842296
sid1791,-0.318042611838842,9.17613925311269E-06
sid1314,-0.323934915789345,3.10927778309262E-05
sid526,-0.326054462336868,1.51793353354323E-05
sid1461,-0.336957972319566,7.47648427437913E-06
sid1051,-0.339647633566073,1.04416517149078E-05
sid693,-0.342296141805035,1.22127086591103E-05
sid203,-0.349593524172286,3.40274302321138E-07
sid959,-0.349789285586984,4.69543824444467E-07
sid1544,-0.359704967000358,4.61079113615949E-06
sid1027,-0.363772211595467,1.00500188000566E-06
sid734,-0.364805059447852,1.46502870127094E-07
sid1655,-0.365761522894818,3.30478699767527E-08
sid432,-0.381063536530036,5.56183801627862E-06
sid1906,-0.381927023619131,4.88889281139252E-07
sid592,-0.387294709096127,5.41542391087481E-07
sid766,-0.38783988456434,4.03866337331365E-07
sid117,-0.387926708386746,1.42851723965299E-06
sid1880,-0.388421825799413,1.21367765399475E-08
sid696,-0.425189466717063,6.14049361717942E-11
sid1362,-0.425977562512519,7.27584990485545E-10
sid1083,-0.431886780574804,7.21173735819924E-08
sid71,-0.441061577364591,2.96165271212673E-10
sid714,-0.459809015622725,1.7802096301841E-05
sid854,-0.462604281745986,6.48512292693492E-10
sid475,-0.467433310303155,2.10585962211913E-09
sid1492,-0.487808949441755,3.49316031438997E-07
sid271,-0.51334714670002,2.26048849200854E-10
sid18,-0.515079215602186,1.64015045546349E-10
sid901,-0.516654263658396,1.65453163158053E-10
sid26,-0.534160536167915,1.05296509805014E-13
sid1814,-0.605480864958101,4.2617981598253E-23
sid1956,-0.627582081739291,1.87622852897423E-19
sid96,-0.641116336012533,1.76658112851928E-20
sid242,-0.653678931358632,1.00690903237341E-21
sid730,-0.695658340567396,7.43847848510683E-22
sid639,-0.706057776497197,9.18875141359341E-21
sid1466,,
