,index,Average Potential Outcome,Sensitivity Parameter
0,"Y((0.12, 0))",0.8,-0.2
1,"Y((0.12, 0))",,-0.2
2,"Y((0.12, 0))",0.8,-0.2
3,"Y((0.12, 0))",0.7086956521739131,-0.2
4,"Y((0.12, 0))",,-0.2
5,"Y((0.12, 0))",0.7999999999999999,-0.2
6,"Y((0.12, 0))",0.911111111111111,-0.2
7,"Y((0.12, 0))",0.7200000000000001,-0.2
8,"Y((0.12, 0))",0.827586206896552,-0.2
9,"Y((0.12, 0))",0.7722222222222223,-0.2
10,"Y((0.12, 0))",0.4800000000000001,-0.2
11,"Y((0.12, 0))",0.9800000000000001,-0.2
12,"Y((0.12, 0))",,-0.2
13,"Y((0.12, 0))",0.7636363636363639,-0.2
14,"Y((0.12, 0))",,-0.2
15,"Y((0.38, 0))",0.2888888888888889,-0.2
16,"Y((0.38, 0))",0.41428571428571426,-0.2
17,"Y((0.38, 0))",0.4444444444444444,-0.2
18,"Y((0.38, 0))",0.4255639097744363,-0.2
19,"Y((0.38, 0))",0.39999999999999997,-0.2
20,"Y((0.38, 0))",0.5074074074074074,-0.2
21,"Y((0.38, 0))",0.44409448818897634,-0.2
22,"Y((0.38, 0))",0.39459459459459456,-0.2
23,"Y((0.38, 0))",0.43146067415730344,-0.2
24,"Y((0.38, 0))",0.5378238341968907,-0.2
25,"Y((0.38, 0))",0.4216216216216216,-0.2
26,"Y((0.38, 0))",0.32105263157894737,-0.2
27,"Y((0.38, 0))",0.525,-0.2
28,"Y((0.38, 0))",0.3337500000000001,-0.2
29,"Y((0.38, 0))",0.42471910112359545,-0.2
30,"Y((0.62, 0))",0.36,-0.2
31,"Y((0.62, 0))",0.6,-0.2
32,"Y((0.62, 0))",0.2,-0.2
33,"Y((0.62, 0))",0.7516129032258063,-0.2
34,"Y((0.62, 0))",1.0,-0.2
35,"Y((0.62, 0))",0.7937500000000001,-0.2
36,"Y((0.62, 0))",0.9069767441860467,-0.2
37,"Y((0.62, 0))",0.5399999999999999,-0.2
38,"Y((0.62, 0))",0.5076923076923078,-0.2
39,"Y((0.62, 0))",0.7348837209302321,-0.2
40,"Y((0.62, 0))",0.595,-0.2
41,"Y((0.62, 0))",0.7454545454545454,-0.2
42,"Y((0.62, 0))",0.4230769230769231,-0.2
43,"Y((0.62, 0))",0.7218749999999996,-0.2
44,"Y((0.62, 0))",0.8142857142857146,-0.2
45,"Y((0.88, 0))",0.6170940170940168,-0.2
46,"Y((0.88, 0))",0.6156862745098041,-0.2
47,"Y((0.88, 0))",0.6196721311475406,-0.2
48,"Y((0.88, 0))",0.7158878504672893,-0.2
49,"Y((0.88, 0))",0.5823529411764706,-0.2
50,"Y((0.88, 0))",0.6068027210884348,-0.2
51,"Y((0.88, 0))",0.7027027027027023,-0.2
52,"Y((0.88, 0))",0.6799999999999998,-0.2
53,"Y((0.88, 0))",0.596954314720812,-0.2
54,"Y((0.88, 0))",0.6775919732441473,-0.2
55,"Y((0.88, 0))",0.5863636363636362,-0.2
56,"Y((0.88, 0))",0.6434782608695654,-0.2
57,"Y((0.88, 0))",0.6481012658227847,-0.2
58,"Y((0.88, 0))",0.6477941176470585,-0.2
59,"Y((0.88, 0))",0.6164556962025309,-0.2
60,"Y((0.12, 0))",0.6444444444444444,-0.15555555555555556
61,"Y((0.12, 0))",0.3812499999999998,-0.15555555555555556
62,"Y((0.12, 0))",0.5888888888888889,-0.15555555555555556
63,"Y((0.12, 0))",0.5791044776119404,-0.15555555555555556
64,"Y((0.12, 0))",0.46666666666666673,-0.15555555555555556
65,"Y((0.12, 0))",,-0.15555555555555556
66,"Y((0.12, 0))",0.61,-0.15555555555555556
67,"Y((0.12, 0))",0.5324324324324323,-0.15555555555555556
68,"Y((0.12, 0))",0.5499999999999999,-0.15555555555555556
69,"Y((0.12, 0))",0.47796610169491555,-0.15555555555555556
70,"Y((0.12, 0))",0.35,-0.15555555555555556
71,"Y((0.12, 0))",0.6804347826086956,-0.15555555555555556
72,"Y((0.12, 0))",0.2,-0.15555555555555556
73,"Y((0.12, 0))",0.430188679245283,-0.15555555555555556
74,"Y((0.12, 0))",0.7792592592592585,-0.15555555555555556
75,"Y((0.38, 0))",0.3714285714285715,-0.15555555555555556
76,"Y((0.38, 0))",0.4804347826086957,-0.15555555555555556
77,"Y((0.38, 0))",0.08,-0.15555555555555556
78,"Y((0.38, 0))",0.3836734693877551,-0.15555555555555556
79,"Y((0.38, 0))",0.41250000000000003,-0.15555555555555556
80,"Y((0.38, 0))",,-0.15555555555555556
81,"Y((0.38, 0))",0.5489361702127661,-0.15555555555555556
82,"Y((0.38, 0))",0.33529411764705874,-0.15555555555555556
83,"Y((0.38, 0))",0.4888888888888888,-0.15555555555555556
84,"Y((0.38, 0))",0.6045801526717557,-0.15555555555555556
85,"Y((0.38, 0))",,-0.15555555555555556
86,"Y((0.38, 0))",0.38372093023255804,-0.15555555555555556
87,"Y((0.38, 0))",0.4222222222222223,-0.15555555555555556
88,"Y((0.38, 0))",0.44400000000000006,-0.15555555555555556
89,"Y((0.38, 0))",0.46153846153846145,-0.15555555555555556
90,"Y((0.62, 0))",0.5,-0.15555555555555556
91,"Y((0.62, 0))",0.7066666666666667,-0.15555555555555556
92,"Y((0.62, 0))",0.9666666666666667,-0.15555555555555556
93,"Y((0.62, 0))",0.9800000000000001,-0.15555555555555556
94,"Y((0.62, 0))",0.5923076923076923,-0.15555555555555556
95,"Y((0.62, 0))",,-0.15555555555555556
96,"Y((0.62, 0))",0.8869565217391306,-0.15555555555555556
97,"Y((0.62, 0))",0.6846153846153847,-0.15555555555555556
98,"Y((0.62, 0))",,-0.15555555555555556
99,"Y((0.62, 0))",0.7828571428571426,-0.15555555555555556
100,"Y((0.62, 0))",0.8,-0.15555555555555556
101,"Y((0.62, 0))",0.6915254237288136,-0.15555555555555556
102,"Y((0.62, 0))",0.6,-0.15555555555555556
103,"Y((0.62, 0))",0.5352941176470588,-0.15555555555555556
104,"Y((0.62, 0))",0.8000000000000004,-0.15555555555555556
105,"Y((0.88, 0))",0.651546391752577,-0.15555555555555556
106,"Y((0.88, 0))",0.6225165562913907,-0.15555555555555556
107,"Y((0.88, 0))",0.6144144144144141,-0.15555555555555556
108,"Y((0.88, 0))",0.6898305084745759,-0.15555555555555556
109,"Y((0.88, 0))",0.5842105263157896,-0.15555555555555556
110,"Y((0.88, 0))",0.4903225806451613,-0.15555555555555556
111,"Y((0.88, 0))",0.6316384180790956,-0.15555555555555556
112,"Y((0.88, 0))",0.7266272189349107,-0.15555555555555556
113,"Y((0.88, 0))",0.5341772151898735,-0.15555555555555556
114,"Y((0.88, 0))",0.667241379310345,-0.15555555555555556
115,"Y((0.88, 0))",0.5265306122448976,-0.15555555555555556
116,"Y((0.88, 0))",0.6971962616822422,-0.15555555555555556
117,"Y((0.88, 0))",0.6359550561797748,-0.15555555555555556
118,"Y((0.88, 0))",0.6384105960264898,-0.15555555555555556
119,"Y((0.88, 0))",0.6493827160493828,-0.15555555555555556
120,"Y((0.12, 0))",0.47272727272727266,-0.11111111111111112
121,"Y((0.12, 0))",0.38378378378378386,-0.11111111111111112
122,"Y((0.12, 0))",0.5174603174603174,-0.11111111111111112
123,"Y((0.12, 0))",0.44999999999999996,-0.11111111111111112
124,"Y((0.12, 0))",0.48249999999999993,-0.11111111111111112
125,"Y((0.12, 0))",0.6000000000000001,-0.11111111111111112
126,"Y((0.12, 0))",0.6,-0.11111111111111112
127,"Y((0.12, 0))",0.6151515151515151,-0.11111111111111112
128,"Y((0.12, 0))",0.40238095238095234,-0.11111111111111112
129,"Y((0.12, 0))",0.5481481481481482,-0.11111111111111112
130,"Y((0.12, 0))",0.2888888888888889,-0.11111111111111112
131,"Y((0.12, 0))",0.685185185185185,-0.11111111111111112
132,"Y((0.12, 0))",0.6624999999999999,-0.11111111111111112
133,"Y((0.12, 0))",0.3547169811320754,-0.11111111111111112
134,"Y((0.12, 0))",0.44666666666666655,-0.11111111111111112
135,"Y((0.38, 0))",0.36363636363636365,-0.11111111111111112
136,"Y((0.38, 0))",0.5333333333333333,-0.11111111111111112
137,"Y((0.38, 0))",0.4120000000000001,-0.11111111111111112
138,"Y((0.38, 0))",0.26666666666666666,-0.11111111111111112
139,"Y((0.38, 0))",0.5199999999999999,-0.11111111111111112
140,"Y((0.38, 0))",0.3958333333333333,-0.11111111111111112
141,"Y((0.38, 0))",0.31000000000000005,-0.11111111111111112
142,"Y((0.38, 0))",0.33488372093023233,-0.11111111111111112
143,"Y((0.38, 0))",0.7405405405405407,-0.11111111111111112
144,"Y((0.38, 0))",0.4883720930232559,-0.11111111111111112
145,"Y((0.38, 0))",0.4,-0.11111111111111112
146,"Y((0.38, 0))",0.4437500000000001,-0.11111111111111112
147,"Y((0.38, 0))",0.04,-0.11111111111111112
148,"Y((0.38, 0))",0.47605633802816916,-0.11111111111111112
149,"Y((0.38, 0))",0.64,-0.11111111111111112
150,"Y((0.62, 0))",0.6,-0.11111111111111112
151,"Y((0.62, 0))",0.6761904761904761,-0.11111111111111112
152,"Y((0.62, 0))",,-0.11111111111111112
153,"Y((0.62, 0))",,-0.11111111111111112
154,"Y((0.62, 0))",0.7647058823529412,-0.11111111111111112
155,"Y((0.62, 0))",0.8,-0.11111111111111112
156,"Y((0.62, 0))",0.6666666666666666,-0.11111111111111112
157,"Y((0.62, 0))",0.6129032258064517,-0.11111111111111112
158,"Y((0.62, 0))",0.8666666666666667,-0.11111111111111112
159,"Y((0.62, 0))",0.6166666666666668,-0.11111111111111112
160,"Y((0.62, 0))",,-0.11111111111111112
161,"Y((0.62, 0))",0.711111111111111,-0.11111111111111112
162,"Y((0.62, 0))",,-0.11111111111111112
163,"Y((0.62, 0))",0.76,-0.11111111111111112
164,"Y((0.62, 0))",,-0.11111111111111112
165,"Y((0.88, 0))",0.6108108108108107,-0.11111111111111112
166,"Y((0.88, 0))",0.6311111111111106,-0.11111111111111112
167,"Y((0.88, 0))",0.6059259259259255,-0.11111111111111112
168,"Y((0.88, 0))",0.5212121212121212,-0.11111111111111112
169,"Y((0.88, 0))",0.7119565217391299,-0.11111111111111112
170,"Y((0.88, 0))",0.6435294117647055,-0.11111111111111112
171,"Y((0.88, 0))",0.5890410958904105,-0.11111111111111112
172,"Y((0.88, 0))",0.7151515151515144,-0.11111111111111112
173,"Y((0.88, 0))",0.6288770053475929,-0.11111111111111112
174,"Y((0.88, 0))",0.6044198895027619,-0.11111111111111112
175,"Y((0.88, 0))",0.676923076923077,-0.11111111111111112
176,"Y((0.88, 0))",0.6273291925465833,-0.11111111111111112
177,"Y((0.88, 0))",0.6288659793814432,-0.11111111111111112
178,"Y((0.88, 0))",0.6608695652173908,-0.11111111111111112
179,"Y((0.88, 0))",0.5617647058823527,-0.11111111111111112
180,"Y((0.12, 0))",0.3411764705882354,-0.06666666666666668
181,"Y((0.12, 0))",0.5225225225225226,-0.06666666666666668
182,"Y((0.12, 0))",0.6899999999999988,-0.06666666666666668
183,"Y((0.12, 0))",0.5631578947368422,-0.06666666666666668
184,"Y((0.12, 0))",0.2666666666666667,-0.06666666666666668
185,"Y((0.12, 0))",0.65575221238938,-0.06666666666666668
186,"Y((0.12, 0))",0.3733333333333334,-0.06666666666666668
187,"Y((0.12, 0))",0.6857142857142857,-0.06666666666666668
188,"Y((0.12, 0))",0.5921052631578948,-0.06666666666666668
189,"Y((0.12, 0))",0.36470588235294127,-0.06666666666666668
190,"Y((0.12, 0))",0.53015873015873,-0.06666666666666668
191,"Y((0.12, 0))",0.5576470588235296,-0.06666666666666668
192,"Y((0.12, 0))",0.5203252032520327,-0.06666666666666668
193,"Y((0.12, 0))",0.660773480662983,-0.06666666666666668
194,"Y((0.12, 0))",0.5920000000000001,-0.06666666666666668
195,"Y((0.38, 0))",0.49411764705882355,-0.06666666666666668
196,"Y((0.38, 0))",0.4480769230769232,-0.06666666666666668
197,"Y((0.38, 0))",0.584042553191489,-0.06666666666666668
198,"Y((0.38, 0))",0.39999999999999997,-0.06666666666666668
199,"Y((0.38, 0))",,-0.06666666666666668
200,"Y((0.38, 0))",0.48070175438596496,-0.06666666666666668
201,"Y((0.38, 0))",0.14285714285714285,-0.06666666666666668
202,"Y((0.38, 0))",0.6,-0.06666666666666668
203,"Y((0.38, 0))",0.512676056338028,-0.06666666666666668
204,"Y((0.38, 0))",0.8400000000000001,-0.06666666666666668
205,"Y((0.38, 0))",0.32244897959183677,-0.06666666666666668
206,"Y((0.38, 0))",0.40425531914893625,-0.06666666666666668
207,"Y((0.38, 0))",0.4800000000000001,-0.06666666666666668
208,"Y((0.38, 0))",0.5587628865979385,-0.06666666666666668
209,"Y((0.38, 0))",,-0.06666666666666668
210,"Y((0.62, 0))",,-0.06666666666666668
211,"Y((0.62, 0))",0.7419354838709681,-0.06666666666666668
212,"Y((0.62, 0))",0.7846153846153844,-0.06666666666666668
213,"Y((0.62, 0))",0.6,-0.06666666666666668
214,"Y((0.62, 0))",,-0.06666666666666668
215,"Y((0.62, 0))",0.8106382978723392,-0.06666666666666668
216,"Y((0.62, 0))",,-0.06666666666666668
217,"Y((0.62, 0))",,-0.06666666666666668
218,"Y((0.62, 0))",0.8,-0.06666666666666668
219,"Y((0.62, 0))",,-0.06666666666666668
220,"Y((0.62, 0))",1.0,-0.06666666666666668
221,"Y((0.62, 0))",0.7428571428571429,-0.06666666666666668
222,"Y((0.62, 0))",0.8800000000000001,-0.06666666666666668
223,"Y((0.62, 0))",0.7653846153846153,-0.06666666666666668
224,"Y((0.62, 0))",,-0.06666666666666668
225,"Y((0.88, 0))",0.5399999999999998,-0.06666666666666668
226,"Y((0.88, 0))",0.6790476190476186,-0.06666666666666668
227,"Y((0.88, 0))",0.6424242424242425,-0.06666666666666668
228,"Y((0.88, 0))",0.5672413793103446,-0.06666666666666668
229,"Y((0.88, 0))",0.5399999999999999,-0.06666666666666668
230,"Y((0.88, 0))",0.6989528795811532,-0.06666666666666668
231,"Y((0.88, 0))",0.6120481927710844,-0.06666666666666668
232,"Y((0.88, 0))",0.7037037037037038,-0.06666666666666668
233,"Y((0.88, 0))",0.6201183431952658,-0.06666666666666668
234,"Y((0.88, 0))",0.4865671641791045,-0.06666666666666668
235,"Y((0.88, 0))",0.6518518518518515,-0.06666666666666668
236,"Y((0.88, 0))",0.7515695067264577,-0.06666666666666668
237,"Y((0.88, 0))",0.6603351955307255,-0.06666666666666668
238,"Y((0.88, 0))",0.6863013698630143,-0.06666666666666668
239,"Y((0.88, 0))",0.661111111111111,-0.06666666666666668
240,"Y((0.12, 0))",0.4775510204081632,-0.022222222222222227
241,"Y((0.12, 0))",0.727083333333333,-0.022222222222222227
242,"Y((0.12, 0))",0.60188679245283,-0.022222222222222227
243,"Y((0.12, 0))",0.30000000000000004,-0.022222222222222227
244,"Y((0.12, 0))",0.8000000000000002,-0.022222222222222227
245,"Y((0.12, 0))",0.600816326530612,-0.022222222222222227
246,"Y((0.12, 0))",0.4,-0.022222222222222227
247,"Y((0.12, 0))",0.41944444444444445,-0.022222222222222227
248,"Y((0.12, 0))",0.5559322033898307,-0.022222222222222227
249,"Y((0.12, 0))",0.3282051282051282,-0.022222222222222227
250,"Y((0.12, 0))",0.4904761904761905,-0.022222222222222227
251,"Y((0.12, 0))",0.5080000000000001,-0.022222222222222227
252,"Y((0.12, 0))",0.6620689655172414,-0.022222222222222227
253,"Y((0.12, 0))",0.43333333333333324,-0.022222222222222227
254,"Y((0.12, 0))",0.47499999999999987,-0.022222222222222227
255,"Y((0.38, 0))",0.6097560975609758,-0.022222222222222227
256,"Y((0.38, 0))",0.572,-0.022222222222222227
257,"Y((0.38, 0))",0.5423728813559319,-0.022222222222222227
258,"Y((0.38, 0))",,-0.022222222222222227
259,"Y((0.38, 0))",,-0.022222222222222227
260,"Y((0.38, 0))",0.4879432624113474,-0.022222222222222227
261,"Y((0.38, 0))",,-0.022222222222222227
262,"Y((0.38, 0))",0.4521739130434782,-0.022222222222222227
263,"Y((0.38, 0))",0.5851851851851851,-0.022222222222222227
264,"Y((0.38, 0))",0.3333333333333333,-0.022222222222222227
265,"Y((0.38, 0))",0.4666666666666666,-0.022222222222222227
266,"Y((0.38, 0))",0.6984615384615387,-0.022222222222222227
267,"Y((0.38, 0))",0.79,-0.022222222222222227
268,"Y((0.38, 0))",0.5099999999999998,-0.022222222222222227
269,"Y((0.38, 0))",0.3363636363636364,-0.022222222222222227
270,"Y((0.62, 0))",0.6424242424242426,-0.022222222222222227
271,"Y((0.62, 0))",0.7405405405405411,-0.022222222222222227
272,"Y((0.62, 0))",0.7647058823529412,-0.022222222222222227
273,"Y((0.62, 0))",,-0.022222222222222227
274,"Y((0.62, 0))",,-0.022222222222222227
275,"Y((0.62, 0))",0.6672566371681409,-0.022222222222222227
276,"Y((0.62, 0))",,-0.022222222222222227
277,"Y((0.62, 0))",0.8272727272727276,-0.022222222222222227
278,"Y((0.62, 0))",0.6375000000000001,-0.022222222222222227
279,"Y((0.62, 0))",,-0.022222222222222227
280,"Y((0.62, 0))",0.8,-0.022222222222222227
281,"Y((0.62, 0))",0.5157894736842107,-0.022222222222222227
282,"Y((0.62, 0))",0.5333333333333333,-0.022222222222222227
283,"Y((0.62, 0))",0.6000000000000001,-0.022222222222222227
284,"Y((0.62, 0))",0.8000000000000002,-0.022222222222222227
285,"Y((0.88, 0))",0.646774193548387,-0.022222222222222227
286,"Y((0.88, 0))",0.6564102564102559,-0.022222222222222227
287,"Y((0.88, 0))",0.5999999999999999,-0.022222222222222227
288,"Y((0.88, 0))",0.5125,-0.022222222222222227
289,"Y((0.88, 0))",0.618181818181818,-0.022222222222222227
290,"Y((0.88, 0))",0.7301282051282063,-0.022222222222222227
291,"Y((0.88, 0))",0.55,-0.022222222222222227
292,"Y((0.88, 0))",0.655223880597014,-0.022222222222222227
293,"Y((0.88, 0))",0.6379310344827583,-0.022222222222222227
294,"Y((0.88, 0))",0.7302325581395347,-0.022222222222222227
295,"Y((0.88, 0))",0.5681818181818186,-0.022222222222222227
296,"Y((0.88, 0))",0.637869822485207,-0.022222222222222227
297,"Y((0.88, 0))",0.6636363636363635,-0.022222222222222227
298,"Y((0.88, 0))",0.5684210526315792,-0.022222222222222227
299,"Y((0.88, 0))",0.6354838709677422,-0.022222222222222227
300,"Y((0.12, 0))",0.43787878787878787,0.022222222222222227
301,"Y((0.12, 0))",0.5249999999999997,0.022222222222222227
302,"Y((0.12, 0))",0.7058823529411765,0.022222222222222227
303,"Y((0.12, 0))",0.5712177121771218,0.022222222222222227
304,"Y((0.12, 0))",0.3333333333333333,0.022222222222222227
305,"Y((0.12, 0))",0.6031746031746034,0.022222222222222227
306,"Y((0.12, 0))",0.5666666666666667,0.022222222222222227
307,"Y((0.12, 0))",0.6167741935483863,0.022222222222222227
308,"Y((0.12, 0))",0.2285714285714286,0.022222222222222227
309,"Y((0.12, 0))",0.45084745762711853,0.022222222222222227
310,"Y((0.12, 0))",0.3294117647058824,0.022222222222222227
311,"Y((0.12, 0))",0.38947368421052636,0.022222222222222227
312,"Y((0.12, 0))",0.4,0.022222222222222227
313,"Y((0.12, 0))",0.4694835680751177,0.022222222222222227
314,"Y((0.12, 0))",0.30000000000000004,0.022222222222222227
315,"Y((0.38, 0))",0.8123076923076921,0.022222222222222227
316,"Y((0.38, 0))",0.37142857142857144,0.022222222222222227
317,"Y((0.38, 0))",,0.022222222222222227
318,"Y((0.38, 0))",0.7373983739837402,0.022222222222222227
319,"Y((0.38, 0))",,0.022222222222222227
320,"Y((0.38, 0))",0.6111111111111112,0.022222222222222227
321,"Y((0.38, 0))",1.0,0.022222222222222227
322,"Y((0.38, 0))",0.642105263157895,0.022222222222222227
323,"Y((0.38, 0))",0.8,0.022222222222222227
324,"Y((0.38, 0))",0.5705882352941176,0.022222222222222227
325,"Y((0.38, 0))",0.7,0.022222222222222227
326,"Y((0.38, 0))",,0.022222222222222227
327,"Y((0.38, 0))",0.72,0.022222222222222227
328,"Y((0.38, 0))",0.6023391812865492,0.022222222222222227
329,"Y((0.38, 0))",,0.022222222222222227
330,"Y((0.62, 0))",0.47368421052631565,0.022222222222222227
331,"Y((0.62, 0))",0.8,0.022222222222222227
332,"Y((0.62, 0))",,0.022222222222222227
333,"Y((0.62, 0))",0.36423841059602646,0.022222222222222227
334,"Y((0.62, 0))",,0.022222222222222227
335,"Y((0.62, 0))",,0.022222222222222227
336,"Y((0.62, 0))",,0.022222222222222227
337,"Y((0.62, 0))",0.4428571428571429,0.022222222222222227
338,"Y((0.62, 0))",,0.022222222222222227
339,"Y((0.62, 0))",0.4,0.022222222222222227
340,"Y((0.62, 0))",0.6,0.022222222222222227
341,"Y((0.62, 0))",,0.022222222222222227
342,"Y((0.62, 0))",,0.022222222222222227
343,"Y((0.62, 0))",0.5065789473684208,0.022222222222222227
344,"Y((0.62, 0))",,0.022222222222222227
345,"Y((0.88, 0))",0.6328767123287666,0.022222222222222227
346,"Y((0.88, 0))",0.6773195876288648,0.022222222222222227
347,"Y((0.88, 0))",0.7333333333333331,0.022222222222222227
348,"Y((0.88, 0))",0.6915942028985516,0.022222222222222227
349,"Y((0.88, 0))",0.6651162790697676,0.022222222222222227
350,"Y((0.88, 0))",0.6166666666666665,0.022222222222222227
351,"Y((0.88, 0))",0.4914285714285714,0.022222222222222227
352,"Y((0.88, 0))",0.776951672862454,0.022222222222222227
353,"Y((0.88, 0))",0.68,0.022222222222222227
354,"Y((0.88, 0))",0.6765217391304343,0.022222222222222227
355,"Y((0.88, 0))",0.5153846153846153,0.022222222222222227
356,"Y((0.88, 0))",0.7384615384615386,0.022222222222222227
357,"Y((0.88, 0))",0.6043478260869565,0.022222222222222227
358,"Y((0.88, 0))",0.6688102893890682,0.022222222222222227
359,"Y((0.88, 0))",0.5199999999999999,0.022222222222222227
360,"Y((0.12, 0))",0.45454545454545464,0.06666666666666665
361,"Y((0.12, 0))",0.3724999999999996,0.06666666666666665
362,"Y((0.12, 0))",0.5272727272727272,0.06666666666666665
363,"Y((0.12, 0))",0.38591549295774635,0.06666666666666665
364,"Y((0.12, 0))",0.5359999999999997,0.06666666666666665
365,"Y((0.12, 0))",0.5008264462809915,0.06666666666666665
366,"Y((0.12, 0))",0.36,0.06666666666666665
367,"Y((0.12, 0))",0.24375000000000005,0.06666666666666665
368,"Y((0.12, 0))",0.5756097560975608,0.06666666666666665
369,"Y((0.12, 0))",0.3272727272727272,0.06666666666666665
370,"Y((0.12, 0))",0.5956756756756755,0.06666666666666665
371,"Y((0.12, 0))",0.5432258064516128,0.06666666666666665
372,"Y((0.12, 0))",0.4086956521739131,0.06666666666666665
373,"Y((0.12, 0))",0.49756097560975615,0.06666666666666665
374,"Y((0.12, 0))",0.49545454545454537,0.06666666666666665
375,"Y((0.38, 0))",1.0,0.06666666666666665
376,"Y((0.38, 0))",0.3870967741935484,0.06666666666666665
377,"Y((0.38, 0))",0.7999999999999999,0.06666666666666665
378,"Y((0.38, 0))",0.6,0.06666666666666665
379,"Y((0.38, 0))",0.7294117647058815,0.06666666666666665
380,"Y((0.38, 0))",0.8081632653061224,0.06666666666666665
381,"Y((0.38, 0))",0.5599999999999999,0.06666666666666665
382,"Y((0.38, 0))",0.8400000000000001,0.06666666666666665
383,"Y((0.38, 0))",0.6499999999999998,0.06666666666666665
384,"Y((0.38, 0))",0.667741935483871,0.06666666666666665
385,"Y((0.38, 0))",0.6744680851063828,0.06666666666666665
386,"Y((0.38, 0))",0.7199999999999999,0.06666666666666665
387,"Y((0.38, 0))",0.4999999999999999,0.06666666666666665
388,"Y((0.38, 0))",0.3363636363636365,0.06666666666666665
389,"Y((0.38, 0))",0.8444444444444444,0.06666666666666665
390,"Y((0.62, 0))",,0.06666666666666665
391,"Y((0.62, 0))",0.5181818181818182,0.06666666666666665
392,"Y((0.62, 0))",,0.06666666666666665
393,"Y((0.62, 0))",0.2500000000000001,0.06666666666666665
394,"Y((0.62, 0))",0.5865384615384618,0.06666666666666665
395,"Y((0.62, 0))",0.4076923076923075,0.06666666666666665
396,"Y((0.62, 0))",0.47500000000000003,0.06666666666666665
397,"Y((0.62, 0))",,0.06666666666666665
398,"Y((0.62, 0))",0.34642857142857125,0.06666666666666665
399,"Y((0.62, 0))",0.2823529411764707,0.06666666666666665
400,"Y((0.62, 0))",0.44,0.06666666666666665
401,"Y((0.62, 0))",0.5463414634146341,0.06666666666666665
402,"Y((0.62, 0))",,0.06666666666666665
403,"Y((0.62, 0))",0.44999999999999996,0.06666666666666665
404,"Y((0.62, 0))",0.6666666666666666,0.06666666666666665
405,"Y((0.88, 0))",0.6636363636363637,0.06666666666666665
406,"Y((0.88, 0))",0.6606060606060601,0.06666666666666665
407,"Y((0.88, 0))",0.6612903225806454,0.06666666666666665
408,"Y((0.88, 0))",0.6884615384615385,0.06666666666666665
409,"Y((0.88, 0))",0.6708196721311478,0.06666666666666665
410,"Y((0.88, 0))",0.7055214723926378,0.06666666666666665
411,"Y((0.88, 0))",0.7279069767441858,0.06666666666666665
412,"Y((0.88, 0))",0.7053571428571422,0.06666666666666665
413,"Y((0.88, 0))",0.6221238938053091,0.06666666666666665
414,"Y((0.88, 0))",0.7559748427672944,0.06666666666666665
415,"Y((0.88, 0))",0.6928270042194093,0.06666666666666665
416,"Y((0.88, 0))",0.6672645739910316,0.06666666666666665
417,"Y((0.88, 0))",0.6100000000000001,0.06666666666666665
418,"Y((0.88, 0))",0.5842105263157895,0.06666666666666665
419,"Y((0.88, 0))",0.6084033613445378,0.06666666666666665
420,"Y((0.12, 0))",0.6380136986301368,0.1111111111111111
421,"Y((0.12, 0))",0.44666666666666666,0.1111111111111111
422,"Y((0.12, 0))",0.3492063492063493,0.1111111111111111
423,"Y((0.12, 0))",0.42838709677419357,0.1111111111111111
424,"Y((0.12, 0))",0.31625000000000003,0.1111111111111111
425,"Y((0.12, 0))",,0.1111111111111111
426,"Y((0.12, 0))",0.04,0.1111111111111111
427,"Y((0.12, 0))",0.2479999999999999,0.1111111111111111
428,"Y((0.12, 0))",0.5239766081871348,0.1111111111111111
429,"Y((0.12, 0))",0.4,0.1111111111111111
430,"Y((0.12, 0))",0.0,0.1111111111111111
431,"Y((0.12, 0))",0.26086956521739135,0.1111111111111111
432,"Y((0.12, 0))",0.5961904761904762,0.1111111111111111
433,"Y((0.12, 0))",0.38181818181818183,0.1111111111111111
434,"Y((0.12, 0))",0.3434782608695652,0.1111111111111111
435,"Y((0.38, 0))",0.7783231083844616,0.1111111111111111
436,"Y((0.38, 0))",0.6285714285714287,0.1111111111111111
437,"Y((0.38, 0))",0.8328767123287663,0.1111111111111111
438,"Y((0.38, 0))",0.9949999999999999,0.1111111111111111
439,"Y((0.38, 0))",0.7511111111111107,0.1111111111111111
440,"Y((0.38, 0))",,0.1111111111111111
441,"Y((0.38, 0))",0.9333333333333332,0.1111111111111111
442,"Y((0.38, 0))",0.9800000000000001,0.1111111111111111
443,"Y((0.38, 0))",0.8399999999999987,0.1111111111111111
444,"Y((0.38, 0))",0.8444444444444444,0.1111111111111111
445,"Y((0.38, 0))",,0.1111111111111111
446,"Y((0.38, 0))",0.8388888888888892,0.1111111111111111
447,"Y((0.38, 0))",0.7932203389830511,0.1111111111111111
448,"Y((0.38, 0))",0.8930232558139536,0.1111111111111111
449,"Y((0.38, 0))",0.8,0.1111111111111111
450,"Y((0.62, 0))",0.6767888307155352,0.1111111111111111
451,"Y((0.62, 0))",0.6399999999999999,0.1111111111111111
452,"Y((0.62, 0))",0.33265306122448957,0.1111111111111111
453,"Y((0.62, 0))",0.365116279069767,0.1111111111111111
454,"Y((0.62, 0))",0.6500000000000001,0.1111111111111111
455,"Y((0.62, 0))",,0.1111111111111111
456,"Y((0.62, 0))",0.4000000000000001,0.1111111111111111
457,"Y((0.62, 0))",0.33333333333333337,0.1111111111111111
458,"Y((0.62, 0))",0.6118644067796607,0.1111111111111111
459,"Y((0.62, 0))",0.41935483870967755,0.1111111111111111
460,"Y((0.62, 0))",,0.1111111111111111
461,"Y((0.62, 0))",0.5349999999999999,0.1111111111111111
462,"Y((0.62, 0))",0.6999999999999998,0.1111111111111111
463,"Y((0.62, 0))",0.4054054054054054,0.1111111111111111
464,"Y((0.62, 0))",0.28571428571428575,0.1111111111111111
465,"Y((0.88, 0))",0.7051926298157476,0.1111111111111111
466,"Y((0.88, 0))",0.6869565217391305,0.1111111111111111
467,"Y((0.88, 0))",0.7664670658682622,0.1111111111111111
468,"Y((0.88, 0))",0.8129729729729727,0.1111111111111111
469,"Y((0.88, 0))",0.6314049586776851,0.1111111111111111
470,"Y((0.88, 0))",0.7538461538461539,0.1111111111111111
471,"Y((0.88, 0))",0.7428571428571432,0.1111111111111111
472,"Y((0.88, 0))",0.7056179775280895,0.1111111111111111
473,"Y((0.88, 0))",0.734136546184739,0.1111111111111111
474,"Y((0.88, 0))",0.644705882352941,0.1111111111111111
475,"Y((0.88, 0))",0.46666666666666673,0.1111111111111111
476,"Y((0.88, 0))",0.7199999999999991,0.1111111111111111
477,"Y((0.88, 0))",0.6683417085427122,0.1111111111111111
478,"Y((0.88, 0))",0.6061538461538458,0.1111111111111111
479,"Y((0.88, 0))",0.6944444444444442,0.1111111111111111
480,"Y((0.12, 0))",0.4576687116564415,0.15555555555555556
481,"Y((0.12, 0))",0.30909090909090914,0.15555555555555556
482,"Y((0.12, 0))",0.4283783783783782,0.15555555555555556
483,"Y((0.12, 0))",0.225,0.15555555555555556
484,"Y((0.12, 0))",0.2977777777777777,0.15555555555555556
485,"Y((0.12, 0))",0.5535934291581113,0.15555555555555556
486,"Y((0.12, 0))",0.5181818181818184,0.15555555555555556
487,"Y((0.12, 0))",0.3878048780487804,0.15555555555555556
488,"Y((0.12, 0))",0.44225352112676053,0.15555555555555556
489,"Y((0.12, 0))",0.5686274509803924,0.15555555555555556
490,"Y((0.12, 0))",0.404848484848485,0.15555555555555556
491,"Y((0.12, 0))",0.42933333333333307,0.15555555555555556
492,"Y((0.12, 0))",0.09166666666666666,0.15555555555555556
493,"Y((0.12, 0))",0.41818181818181815,0.15555555555555556
494,"Y((0.12, 0))",0.3,0.15555555555555556
495,"Y((0.38, 0))",0.9645161290322578,0.15555555555555556
496,"Y((0.38, 0))",,0.15555555555555556
497,"Y((0.38, 0))",0.8915662650602403,0.15555555555555556
498,"Y((0.38, 0))",,0.15555555555555556
499,"Y((0.38, 0))",0.7333333333333333,0.15555555555555556
500,"Y((0.38, 0))",0.7797260273972616,0.15555555555555556
501,"Y((0.38, 0))",0.9066666666666666,0.15555555555555556
502,"Y((0.38, 0))",0.7559322033898296,0.15555555555555556
503,"Y((0.38, 0))",0.9285714285714287,0.15555555555555556
504,"Y((0.38, 0))",0.8438095238095227,0.15555555555555556
505,"Y((0.38, 0))",0.8714285714285712,0.15555555555555556
506,"Y((0.38, 0))",0.781818181818182,0.15555555555555556
507,"Y((0.38, 0))",0.6,0.15555555555555556
508,"Y((0.38, 0))",0.8,0.15555555555555556
509,"Y((0.38, 0))",,0.15555555555555556
510,"Y((0.62, 0))",0.51,0.15555555555555556
511,"Y((0.62, 0))",0.45384615384615395,0.15555555555555556
512,"Y((0.62, 0))",0.6914893617021272,0.15555555555555556
513,"Y((0.62, 0))",0.33999999999999997,0.15555555555555556
514,"Y((0.62, 0))",0.5027027027027028,0.15555555555555556
515,"Y((0.62, 0))",0.6951276102088181,0.15555555555555556
516,"Y((0.62, 0))",0.3238095238095239,0.15555555555555556
517,"Y((0.62, 0))",0.6786666666666655,0.15555555555555556
518,"Y((0.62, 0))",0.5304347826086959,0.15555555555555556
519,"Y((0.62, 0))",0.3935483870967743,0.15555555555555556
520,"Y((0.62, 0))",0.6325,0.15555555555555556
521,"Y((0.62, 0))",0.4491803278688522,0.15555555555555556
522,"Y((0.62, 0))",0.39999999999999997,0.15555555555555556
523,"Y((0.62, 0))",0.6,0.15555555555555556
524,"Y((0.62, 0))",0.4,0.15555555555555556
525,"Y((0.88, 0))",0.6737288135593217,0.15555555555555556
526,"Y((0.88, 0))",0.7472727272727265,0.15555555555555556
527,"Y((0.88, 0))",0.7434782608695653,0.15555555555555556
528,"Y((0.88, 0))",0.6378378378378378,0.15555555555555556
529,"Y((0.88, 0))",0.7064516129032251,0.15555555555555556
530,"Y((0.88, 0))",0.7475471698113245,0.15555555555555556
531,"Y((0.88, 0))",0.6884210526315787,0.15555555555555556
532,"Y((0.88, 0))",0.700983606557377,0.15555555555555556
533,"Y((0.88, 0))",0.7009345794392519,0.15555555555555556
534,"Y((0.88, 0))",0.6388663967611331,0.15555555555555556
535,"Y((0.88, 0))",0.6539215686274504,0.15555555555555556
536,"Y((0.88, 0))",0.8464788732394355,0.15555555555555556
537,"Y((0.88, 0))",0.7018181818181816,0.15555555555555556
538,"Y((0.88, 0))",0.7581395348837213,0.15555555555555556
539,"Y((0.88, 0))",0.56,0.15555555555555556
540,"Y((0.12, 0))",0.6694214876033058,0.2
541,"Y((0.12, 0))",0.5549019607843136,0.2
542,"Y((0.12, 0))",0.35000000000000003,0.2
543,"Y((0.12, 0))",0.3644444444444444,0.2
544,"Y((0.12, 0))",0.4954545454545452,0.2
545,"Y((0.12, 0))",0.544047619047619,0.2
546,"Y((0.12, 0))",0.5603773584905659,0.2
547,"Y((0.12, 0))",0.49499999999999994,0.2
548,"Y((0.12, 0))",0.3569620253164555,0.2
549,"Y((0.12, 0))",0.3851851851851852,0.2
550,"Y((0.12, 0))",0.5088235294117643,0.2
551,"Y((0.12, 0))",0.7154004106776217,0.2
552,"Y((0.12, 0))",0.6222222222222221,0.2
553,"Y((0.12, 0))",0.26666666666666666,0.2
554,"Y((0.12, 0))",0.5176470588235296,0.2
555,"Y((0.38, 0))",0.9324675324675322,0.2
556,"Y((0.38, 0))",0.7357142857142859,0.2
557,"Y((0.38, 0))",0.8,0.2
558,"Y((0.38, 0))",0.890909090909091,0.2
559,"Y((0.38, 0))",0.7857142857142859,0.2
560,"Y((0.38, 0))",0.9333333333333328,0.2
561,"Y((0.38, 0))",0.7799999999999992,0.2
562,"Y((0.38, 0))",0.9068965517241376,0.2
563,"Y((0.38, 0))",0.6842105263157895,0.2
564,"Y((0.38, 0))",,0.2
565,"Y((0.38, 0))",0.9199999999999999,0.2
566,"Y((0.38, 0))",0.7436018957346002,0.2
567,"Y((0.38, 0))",,0.2
568,"Y((0.38, 0))",,0.2
569,"Y((0.38, 0))",0.9142857142857144,0.2
570,"Y((0.62, 0))",0.6983425414364631,0.2
571,"Y((0.62, 0))",0.49655172413793097,0.2
572,"Y((0.62, 0))",1.0,0.2
573,"Y((0.62, 0))",0.5414634146341464,0.2
574,"Y((0.62, 0))",0.3714285714285715,0.2
575,"Y((0.62, 0))",0.5432432432432435,0.2
576,"Y((0.62, 0))",0.7999999999999992,0.2
577,"Y((0.62, 0))",0.4859504132231407,0.2
578,"Y((0.62, 0))",0.39387755102040806,0.2
579,"Y((0.62, 0))",0.38000000000000006,0.2
580,"Y((0.62, 0))",0.37377049180327854,0.2
581,"Y((0.62, 0))",0.7071428571428607,0.2
582,"Y((0.62, 0))",0.6285714285714287,0.2
583,"Y((0.62, 0))",0.4600000000000001,0.2
584,"Y((0.62, 0))",0.5840000000000003,0.2
585,"Y((0.88, 0))",0.7443850267379672,0.2
586,"Y((0.88, 0))",0.6875621890547258,0.2
587,"Y((0.88, 0))",0.6413793103448276,0.2
588,"Y((0.88, 0))",0.6215686274509803,0.2
589,"Y((0.88, 0))",0.7847328244274806,0.2
590,"Y((0.88, 0))",0.6678733031674204,0.2
591,"Y((0.88, 0))",0.6690265486725653,0.2
592,"Y((0.88, 0))",0.6394366197183091,0.2
593,"Y((0.88, 0))",0.7058823529411754,0.2
594,"Y((0.88, 0))",0.5903225806451613,0.2
595,"Y((0.88, 0))",0.7174603174603167,0.2
596,"Y((0.88, 0))",0.7296786389414021,0.2
597,"Y((0.88, 0))",0.5914893617021276,0.2
598,"Y((0.88, 0))",0.6612244897959186,0.2
599,"Y((0.88, 0))",0.6266666666666656,0.2
